-- Run this script against VL42@localhost to synchronize it with VL43@localhost
-- Please backup your target database before running this script
-- 

--
-- Drop table "VOC_CHART_SETTINGS"
--
DROP TABLE VOC_CHART_SETTINGS CASCADE CONSTRAINTS;

--
-- Drop table "VOC_CHARTS"
--
DROP TABLE VOC_CHARTS CASCADE CONSTRAINTS;

--
-- Create table "VOC_DA_INFO"
--
CREATE TABLE VOC_DA_INFO (
  DAID NUMBER(19, 0) NOT NULL,
  VERSION NUMBER(10, 0) NOT NULL,
  NAME NVARCHAR2(255) NOT NULL,
  DISPLAYNAME NVARCHAR2(255) NOT NULL,
  MARKEDFORDELETE NUMBER(1, 0) NOT NULL,
  PRIMARY KEY (DAID));

--
-- Create table "VOC_DA_COLUMN"
--
CREATE TABLE VOC_DA_COLUMN (
  COLUMNID NUMBER(19, 0) NOT NULL,
  VERSION NUMBER(10, 0) NOT NULL,
  DAID NUMBER(19, 0) NOT NULL,
  FIELDID NVARCHAR2(255) NOT NULL,
  FIELDTYPE NUMBER(10, 0) NOT NULL,
  DISPLAYNAME NVARCHAR2(255) NOT NULL,
  UOM NVARCHAR2(255),
  IDENTITYCOLUMN NUMBER(1, 0) NOT NULL,
  COLUMNSEQUENCE NUMBER(10, 0) NOT NULL,
  COLUMNSTATE NUMBER(10, 0) NOT NULL,
  PRIMARY KEY (COLUMNID));

--
-- Create foreign key "FK_DACOLUMN_DAINFO" on table "VOC_DA_COLUMN"
--
ALTER TABLE VOC_DA_COLUMN
  ADD CONSTRAINT FK_DACOLUMN_DAINFO FOREIGN KEY (DAID)
    REFERENCES VOC_DA_INFO(DAID) ON DELETE CASCADE;

--
-- Create table "VOC_CHARTS"
--
CREATE TABLE VOC_CHARTS (
  CHARTID NUMBER(19, 0) NOT NULL,
  VERSION NUMBER(10, 0) NOT NULL,
  NAME NVARCHAR2(50) NOT NULL,
  DESCRIPTION NVARCHAR2(255),
  DAINFORMATION NUMBER(19, 0),
  CATEGORY NUMBER(19, 0),
  TYPE NUMBER(10, 0) NOT NULL,
  PIVOTON NUMBER(19, 0),
  PIVOTFOR NUMBER(19, 0),
  SORTBY NUMBER(19, 0),
  SORTORDER NUMBER(10, 0),
  PRIMARY KEY (CHARTID));

--
-- Create foreign key "FK_CHART_CATEGORY_DA_COLUMN" on table "VOC_CHARTS"
--
ALTER TABLE VOC_CHARTS
  ADD CONSTRAINT FK_CHART_CATEGORY_DA_COLUMN FOREIGN KEY (CATEGORY)
    REFERENCES VOC_DA_COLUMN(COLUMNID);

--
-- Create foreign key "FK_CHART_DA_INFO" on table "VOC_CHARTS"
--
ALTER TABLE VOC_CHARTS
  ADD CONSTRAINT FK_CHART_DA_INFO FOREIGN KEY (DAINFORMATION)
    REFERENCES VOC_DA_INFO(DAID);

--
-- Create foreign key "FK_CHART_PIVOTFOR_DA_COLUMN" on table "VOC_CHARTS"
--
ALTER TABLE VOC_CHARTS
  ADD CONSTRAINT FK_CHART_PIVOTFOR_DA_COLUMN FOREIGN KEY (PIVOTFOR)
    REFERENCES VOC_DA_COLUMN(COLUMNID);

--
-- Create foreign key "FK_CHART_PIVOTON_DA_COLUMN" on table "VOC_CHARTS"
--
ALTER TABLE VOC_CHARTS
  ADD CONSTRAINT FK_CHART_PIVOTON_DA_COLUMN FOREIGN KEY (PIVOTON)
    REFERENCES VOC_DA_COLUMN(COLUMNID);

--
-- Create foreign key "FK_CHART_SORTBY_DA_COLUMN" on table "VOC_CHARTS"
--
ALTER TABLE VOC_CHARTS
  ADD CONSTRAINT FK_CHART_SORTBY_DA_COLUMN FOREIGN KEY (SORTBY)
    REFERENCES VOC_DA_COLUMN(COLUMNID);

--
-- Create table "VOC_CHART_DATA_FIELDS"
--
CREATE TABLE VOC_CHART_DATA_FIELDS (
  CHARTDATAFIELDID NUMBER(19, 0) NOT NULL,
  VERSION NUMBER(10, 0) NOT NULL,
  CHARTID NUMBER(19, 0),
  DACOLUMNID NUMBER(19, 0) NOT NULL,
  PRIMARY KEY (CHARTDATAFIELDID));

--
-- Create foreign key "FK_DATAFIELD_CHART" on table "VOC_CHART_DATA_FIELDS"
--
ALTER TABLE VOC_CHART_DATA_FIELDS
  ADD CONSTRAINT FK_DATAFIELD_CHART FOREIGN KEY (CHARTID)
    REFERENCES VOC_CHARTS(CHARTID);

--
-- Create foreign key "FK_DATAFIELD_DACOLUMN" on table "VOC_CHART_DATA_FIELDS"
--
ALTER TABLE VOC_CHART_DATA_FIELDS
  ADD CONSTRAINT FK_DATAFIELD_DACOLUMN FOREIGN KEY (DACOLUMNID)
    REFERENCES VOC_DA_COLUMN(COLUMNID);

--
-- Create table "VOC_CHART_TAG"
--
CREATE TABLE VOC_CHART_TAG (
  TAGGED_ID NUMBER(19, 0) NOT NULL,
  TAG_ID NUMBER(19, 0) NOT NULL,
  PRIMARY KEY (TAGGED_ID, TAG_ID));

--
-- Create foreign key "FKE06376843EF30942" on table "VOC_CHART_TAG"
--
ALTER TABLE VOC_CHART_TAG
  ADD CONSTRAINT FKE06376843EF30942 FOREIGN KEY (TAG_ID)
    REFERENCES VOC_TAG(ID);

--
-- Create foreign key "FKE0637684EEAC00A4" on table "VOC_CHART_TAG"
--
ALTER TABLE VOC_CHART_TAG
  ADD CONSTRAINT FKE0637684EEAC00A4 FOREIGN KEY (TAGGED_ID)
    REFERENCES VOC_CHARTS(CHARTID);

--
-- Create table "VOC_DASHBOARDS"
--
CREATE TABLE VOC_DASHBOARDS (
  DASHBOARDID NUMBER(19, 0) NOT NULL,
  VERSION NUMBER(10, 0) NOT NULL,
  NAME NVARCHAR2(50) NOT NULL,
  TIMEFILTER NUMBER(10, 0) DEFAULT 0 NOT NULL,
  DESCRIPTION NVARCHAR2(255),
  PRIMARY KEY (DASHBOARDID));

--
-- Create table "VOC_DASHBOARD_TAG"
--
CREATE TABLE VOC_DASHBOARD_TAG (
  TAGGED_ID NUMBER(19, 0) NOT NULL,
  TAG_ID NUMBER(19, 0) NOT NULL,
  PRIMARY KEY (TAGGED_ID, TAG_ID));

--
-- Create foreign key "FK640BE0BA20D21F90" on table "VOC_DASHBOARD_TAG"
--
ALTER TABLE VOC_DASHBOARD_TAG
  ADD CONSTRAINT FK640BE0BA20D21F90 FOREIGN KEY (TAGGED_ID)
    REFERENCES VOC_DASHBOARDS(DASHBOARDID);

--
-- Create foreign key "FK640BE0BA3EF30942" on table "VOC_DASHBOARD_TAG"
--
ALTER TABLE VOC_DASHBOARD_TAG
  ADD CONSTRAINT FK640BE0BA3EF30942 FOREIGN KEY (TAG_ID)
    REFERENCES VOC_TAG(ID);

--
-- Create table "VOC_DASHBOARD_DETAILS"
--
CREATE TABLE VOC_DASHBOARD_DETAILS (
  DASHBOARDDETAILID NUMBER(19, 0) NOT NULL,
  VERSION NUMBER(10, 0) NOT NULL,
  DASHBOARDID NUMBER(19, 0) NOT NULL,
  CHARTID NUMBER(19, 0) NOT NULL,
  DRILLDOWNCHARTID NUMBER(19, 0),
  LINKEDDRILLDOWNFIELD NUMBER(19, 0),
  PRIMARY KEY (DASHBOARDDETAILID));

--
-- Create foreign key "FK_DASHBOARD_DETAIL" on table "VOC_DASHBOARD_DETAILS"
--
ALTER TABLE VOC_DASHBOARD_DETAILS
  ADD CONSTRAINT FK_DASHBOARD_DETAIL FOREIGN KEY (DASHBOARDID)
    REFERENCES VOC_DASHBOARDS(DASHBOARDID) ON DELETE CASCADE;

--
-- Create foreign key "FK_DETAIL_CHILD" on table "VOC_DASHBOARD_DETAILS"
--
ALTER TABLE VOC_DASHBOARD_DETAILS
  ADD CONSTRAINT FK_DETAIL_CHILD FOREIGN KEY (DRILLDOWNCHARTID)
    REFERENCES VOC_CHARTS(CHARTID);

--
-- Create foreign key "FK_DETAIL_PARENT" on table "VOC_DASHBOARD_DETAILS"
--
ALTER TABLE VOC_DASHBOARD_DETAILS
  ADD CONSTRAINT FK_DETAIL_PARENT FOREIGN KEY (CHARTID)
    REFERENCES VOC_CHARTS(CHARTID) ON DELETE CASCADE;

--
-- Create foreign key "FK_LINKED_DRILLDOWN_FIELD" on table "VOC_DASHBOARD_DETAILS"
--
ALTER TABLE VOC_DASHBOARD_DETAILS
  ADD CONSTRAINT FK_LINKED_DRILLDOWN_FIELD FOREIGN KEY (LINKEDDRILLDOWNFIELD)
    REFERENCES VOC_DA_COLUMN(COLUMNID);

--
-- Create table "VOC_ALERTS"
--
CREATE TABLE VOC_ALERTS (
  ALERTID NUMBER(19, 0) NOT NULL,
  VERSION NUMBER(10, 0) NOT NULL,
  ALERTNAME NVARCHAR2(50) NOT NULL,
  DAINFORMATION NUMBER(19, 0),
  ALERTNOTIFICATIONPRIORITY NUMBER(10, 0),
  EMAILADDRESS NVARCHAR2(255),
  HOURS NUMBER(10, 0) DEFAULT 0,
  MINUTES NUMBER(10, 0) DEFAULT 0,
  LASTALERTEVENTTIME DATE,
  LASTEVALUATIONTIME DATE,
  ALERTSTATUS NUMBER(10, 0) NOT NULL,
  DASHBOARD NUMBER(19, 0),
  SERVERURL NVARCHAR2(255),
  PRIMARY KEY (ALERTID));

--
-- Create foreign key "FK_ALERT_DASHBOARD" on table "VOC_ALERTS"
--
ALTER TABLE VOC_ALERTS
  ADD CONSTRAINT FK_ALERT_DASHBOARD FOREIGN KEY (DASHBOARD)
    REFERENCES VOC_DASHBOARDS(DASHBOARDID);

--
-- Create foreign key "FK_ALERT_DA_INFO" on table "VOC_ALERTS"
--
ALTER TABLE VOC_ALERTS
  ADD CONSTRAINT FK_ALERT_DA_INFO FOREIGN KEY (DAINFORMATION)
    REFERENCES VOC_DA_INFO(DAID);

--
-- Create table "VOC_ALERT_TAG"
--
CREATE TABLE VOC_ALERT_TAG (
  TAGGED_ID NUMBER(19, 0) NOT NULL,
  TAG_ID NUMBER(19, 0) NOT NULL,
  PRIMARY KEY (TAGGED_ID, TAG_ID));

--
-- Create foreign key "FK2AF839023AF316A0" on table "VOC_ALERT_TAG"
--
ALTER TABLE VOC_ALERT_TAG
  ADD CONSTRAINT FK2AF839023AF316A0 FOREIGN KEY (TAGGED_ID)
    REFERENCES VOC_ALERTS(ALERTID);

--
-- Create foreign key "FK2AF839023EF30942" on table "VOC_ALERT_TAG"
--
ALTER TABLE VOC_ALERT_TAG
  ADD CONSTRAINT FK2AF839023EF30942 FOREIGN KEY (TAG_ID)
    REFERENCES VOC_TAG(ID);

--
-- Create table "VOC_ALERT_CRITERIA"
--
CREATE TABLE VOC_ALERT_CRITERIA (
  CRITERIAID NUMBER(19, 0) NOT NULL,
  VERSION NUMBER(10, 0) NOT NULL,
  ALERTID NUMBER(19, 0) NOT NULL,
  CRITERIASEQUENCE NUMBER(10, 0) NOT NULL,
  DACOLUMN NUMBER(19, 0),
  OPERANDTYPE NUMBER(10, 0) NOT NULL,
  THRESHOLD NVARCHAR2(50),
  CRITERIARELATION NUMBER(10, 0) NOT NULL,
  PRIMARY KEY (CRITERIAID));

--
-- Create foreign key "FK_ALERT_CRITERIA_DACOLUMN" on table "VOC_ALERT_CRITERIA"
--
ALTER TABLE VOC_ALERT_CRITERIA
  ADD CONSTRAINT FK_ALERT_CRITERIA_DACOLUMN FOREIGN KEY (DACOLUMN)
    REFERENCES VOC_DA_COLUMN(COLUMNID);

--
-- Create foreign key "FK_CRITERIA_ALERT" on table "VOC_ALERT_CRITERIA"
--
ALTER TABLE VOC_ALERT_CRITERIA
  ADD CONSTRAINT FK_CRITERIA_ALERT FOREIGN KEY (ALERTID)
    REFERENCES VOC_ALERTS(ALERTID);

--
-- Create table "VOC_USER_CHART_PREFERENCE"
--
CREATE TABLE VOC_USER_CHART_PREFERENCE (
  PREFERENCEID NUMBER(19, 0) NOT NULL,
  DASHBOARDID NUMBER(19, 0),
  CHARTID NUMBER(19, 0),
  CHARTWIDTH FLOAT(126),
  CHARTHEIGHT FLOAT(126),
  CHARTX FLOAT(126),
  CHARTY FLOAT(126),
  USERID NUMBER(19, 0) NOT NULL,
  PRIMARY KEY (PREFERENCEID));

--
-- Create foreign key "FK29DB601BC9E8E129" on table "VOC_USER_CHART_PREFERENCE"
--
ALTER TABLE VOC_USER_CHART_PREFERENCE
  ADD CONSTRAINT FK29DB601BC9E8E129 FOREIGN KEY (USERID)
    REFERENCES VOC_USER(ID);

--
-- Create foreign key "FK_CHARTPREF_CHART" on table "VOC_USER_CHART_PREFERENCE"
--
ALTER TABLE VOC_USER_CHART_PREFERENCE
  ADD CONSTRAINT FK_CHARTPREF_CHART FOREIGN KEY (CHARTID)
    REFERENCES VOC_CHARTS(CHARTID);

--
-- Create foreign key "FK_CHARTPREF_DASHBOARD" on table "VOC_USER_CHART_PREFERENCE"
--
ALTER TABLE VOC_USER_CHART_PREFERENCE
  ADD CONSTRAINT FK_CHARTPREF_DASHBOARD FOREIGN KEY (DASHBOARDID)
    REFERENCES VOC_DASHBOARDS(DASHBOARDID);

--
-- Create table "VOC_USER_CHART_PREFERENCE_TAG"
--
CREATE TABLE VOC_USER_CHART_PREFERENCE_TAG (
  TAGGED_ID NUMBER(19, 0) NOT NULL,
  TAG_ID NUMBER(19, 0) NOT NULL,
  PRIMARY KEY (TAGGED_ID, TAG_ID));

--
-- Create foreign key "FKED4C9763EF30942" on table "VOC_USER_CHART_PREFERENCE_TAG"
--
ALTER TABLE VOC_USER_CHART_PREFERENCE_TAG
  ADD CONSTRAINT FKED4C9763EF30942 FOREIGN KEY (TAG_ID)
    REFERENCES VOC_TAG(ID);

--
-- Create foreign key "FKED4C976B450E6D4" on table "VOC_USER_CHART_PREFERENCE_TAG"
--
ALTER TABLE VOC_USER_CHART_PREFERENCE_TAG
  ADD CONSTRAINT FKED4C976B450E6D4 FOREIGN KEY (TAGGED_ID)
    REFERENCES VOC_USER_CHART_PREFERENCE(PREFERENCEID);

--
-- Create table "CORE_SHIFTS"
--
CREATE TABLE CORE_SHIFTS (
  SHIFTID NUMBER(19, 0) NOT NULL,
  VERSION NUMBER(10, 0) NOT NULL,
  NAME NVARCHAR2(50) NOT NULL,
  STARTHOURS NUMBER(10, 0) DEFAULT 0,
  STARTMINUTES NUMBER(10, 0) DEFAULT 0,
  ENDHOURS NUMBER(10, 0) DEFAULT 0,
  ENDMINUTES NUMBER(10, 0) DEFAULT 0,
  PRIMARY KEY (SHIFTID));

--
-- Create table "CORE_SHIFT_TAG"
--
CREATE TABLE CORE_SHIFT_TAG (
  TAGGED_ID NUMBER(19, 0) NOT NULL,
  TAG_ID NUMBER(19, 0) NOT NULL,
  PRIMARY KEY (TAGGED_ID, TAG_ID));

--
-- Create foreign key "FKCB7039BD3EF30942" on table "CORE_SHIFT_TAG"
--
ALTER TABLE CORE_SHIFT_TAG
  ADD CONSTRAINT FKCB7039BD3EF30942 FOREIGN KEY (TAG_ID)
    REFERENCES VOC_TAG(ID);

--
-- Create foreign key "FKCB7039BD6D0487E8" on table "CORE_SHIFT_TAG"
--
ALTER TABLE CORE_SHIFT_TAG
  ADD CONSTRAINT FKCB7039BD6D0487E8 FOREIGN KEY (TAGGED_ID)
    REFERENCES CORE_SHIFTS(SHIFTID);

--This will need to be added to all future upgrade scripts
UPDATE VOC_SYSTEM_PROPERTIES SET VALUE = 1 WHERE SYSTEMPROPERTYID = -1005;

--
-- Disable constraints from VOC_COLUMN
--
ALTER TABLE VOC_COLUMN DISABLE CONSTRAINT FK6049706B16D0F6D2;
ALTER TABLE VOC_COLUMN DISABLE CONSTRAINT FK6049706B971DA1E7;

--
-- Disable constraints from VOC_FEATURE
--
ALTER TABLE VOC_FEATURE DISABLE CONSTRAINT FK35EB80819FA773C;

--
-- Disable constraints from VOC_ROLE_TO_FEATURE
--
ALTER TABLE VOC_ROLE_TO_FEATURE DISABLE CONSTRAINT FK17DCDF26241ED7C2;
ALTER TABLE VOC_ROLE_TO_FEATURE DISABLE CONSTRAINT FK17DCDF264DCDD932;    

--
-- Inserting data into table VOC_PLUGIN_MODULES
--
INSERT INTO VOC_PLUGIN_MODULES(MODULEID, NAME, MODULEVERSION, FRAMEWORKVERSION, SEQUENCENUMBER, URI, NAVMENUNAME, MASTERHOST, MASTERPORT, MASTERCONTEXT, ISENABLED, CREATEDDATE) VALUES
(3, N'plugin.module.dashboardAlert', N'2.2', N'2.2', 110, N'/dashboardalert/default.action', N'dashboardalert', NULL, NULL, NULL, 1, NULL);

--
-- Inserting data into table VOC_PLUGIN_MODULES_AUTH
--
INSERT INTO VOC_PLUGIN_MODULES_AUTH(MODULEID, AUTHNAME) VALUES
(3, N'featureGroup.dnaAdmin.name');

--
-- Inserting data into table VOC_DA_INFO
--
INSERT INTO VOC_DA_INFO(DAID, VERSION, NAME, DISPLAYNAME, MARKEDFORDELETE) VALUES
(-1, 1, N'OperatorInfo', N'com.vocollect.aggregators.OperatorInfo', 0);
INSERT INTO VOC_DA_INFO(DAID, VERSION, NAME, DISPLAYNAME, MARKEDFORDELETE) VALUES
(-2, 1, N'Route', N'com.vocollect.aggregators.Route', 0);
INSERT INTO VOC_DA_INFO(DAID, VERSION, NAME, DISPLAYNAME, MARKEDFORDELETE) VALUES
(-3, 1, N'AssignmentStatus', N'com.vocollect.aggregators.AssignmentStatus', 0);
INSERT INTO VOC_DA_INFO(DAID, VERSION, NAME, DISPLAYNAME, MARKEDFORDELETE) VALUES
(-4, 1, N'Region', N'com.vocollect.aggregators.Region', 0);
INSERT INTO VOC_DA_INFO(DAID, VERSION, NAME, DISPLAYNAME, MARKEDFORDELETE) VALUES
(-5, 1, N'RegionAssignmentStatus', N'com.vocollect.aggregators.RegionAssignmentStatus', 0);
INSERT INTO VOC_DA_INFO(DAID, VERSION, NAME, DISPLAYNAME, MARKEDFORDELETE) VALUES
(-6, 1, N'InfiniteRegionDataAggregator', N'com.vocollect.aggregators.InfiniteRegionDataAggregator', 0);
INSERT INTO VOC_DA_INFO(DAID, VERSION, NAME, DISPLAYNAME, MARKEDFORDELETE) VALUES
(-7, 1, N'ProxyDataAggregator', N'com.vocollect.aggregators.ProxyDataAggregator', 0);
INSERT INTO VOC_DA_INFO(DAID, VERSION, NAME, DISPLAYNAME, MARKEDFORDELETE) VALUES
(-8, 1, N'RouteOtherStatus', N'com.vocollect.aggregators.RouteOtherStatus', 0);

--
-- Inserting data into table VOC_DA_COLUMN
--
INSERT INTO VOC_DA_COLUMN(COLUMNID, VERSION, DAID, FIELDID, FIELDTYPE, DISPLAYNAME, UOM, IDENTITYCOLUMN, COLUMNSEQUENCE, COLUMNSTATE) VALUES
(-1, 1, -1, N'operator', 1, N'aggregator.operator.field.operator', N' ', 1, 1, 0);
INSERT INTO VOC_DA_COLUMN(COLUMNID, VERSION, DAID, FIELDID, FIELDTYPE, DISPLAYNAME, UOM, IDENTITYCOLUMN, COLUMNSEQUENCE, COLUMNSTATE) VALUES
(-2, 1, -1, N'routeatdeparturedate', 1, N'aggregator.operator.field.routeatdeparturedate', N' ', 0, 2, 0);
INSERT INTO VOC_DA_COLUMN(COLUMNID, VERSION, DAID, FIELDID, FIELDTYPE, DISPLAYNAME, UOM, IDENTITYCOLUMN, COLUMNSEQUENCE, COLUMNSTATE) VALUES
(-3, 1, -1, N'actualrate', 3, N'aggregator.operator.field.actualrate', N' ', 0, 3, 0);
INSERT INTO VOC_DA_COLUMN(COLUMNID, VERSION, DAID, FIELDID, FIELDTYPE, DISPLAYNAME, UOM, IDENTITYCOLUMN, COLUMNSEQUENCE, COLUMNSTATE) VALUES
(-4, 1, -1, N'signon', 4, N'aggregator.operator.field.signon', N'com.vocollect.voicelink.core.model.DataAggregatorFieldType.2', 0, 4, 0);
INSERT INTO VOC_DA_COLUMN(COLUMNID, VERSION, DAID, FIELDID, FIELDTYPE, DISPLAYNAME, UOM, IDENTITYCOLUMN, COLUMNSEQUENCE, COLUMNSTATE) VALUES
(-5, 1, -1, N'breakduration', 2, N'aggregator.operator.field.breakduration', N'com.vocollect.voicelink.core.model.DataAggregatorFieldType.0', 0, 5, 0);
INSERT INTO VOC_DA_COLUMN(COLUMNID, VERSION, DAID, FIELDID, FIELDTYPE, DISPLAYNAME, UOM, IDENTITYCOLUMN, COLUMNSEQUENCE, COLUMNSTATE) VALUES
(-6, 1, -1, N'idleaftersignin', 2, N'aggregator.operator.field.idleaftersignin', N'com.vocollect.voicelink.core.model.DataAggregatorFieldType.0', 0, 6, 0);
INSERT INTO VOC_DA_COLUMN(COLUMNID, VERSION, DAID, FIELDID, FIELDTYPE, DISPLAYNAME, UOM, IDENTITYCOLUMN, COLUMNSEQUENCE, COLUMNSTATE) VALUES
(-7, 1, -1, N'idlebeforesignoff', 2, N'aggregator.operator.field.idlebeforesignoff', N'com.vocollect.voicelink.core.model.DataAggregatorFieldType.0', 0, 7, 0);
INSERT INTO VOC_DA_COLUMN(COLUMNID, VERSION, DAID, FIELDID, FIELDTYPE, DISPLAYNAME, UOM, IDENTITYCOLUMN, COLUMNSEQUENCE, COLUMNSTATE) VALUES
(-8, 1, -1, N'idlebeforebreak', 2, N'aggregator.operator.field.idlebeforebreak', N'com.vocollect.voicelink.core.model.DataAggregatorFieldType.0', 0, 8, 0);
INSERT INTO VOC_DA_COLUMN(COLUMNID, VERSION, DAID, FIELDID, FIELDTYPE, DISPLAYNAME, UOM, IDENTITYCOLUMN, COLUMNSEQUENCE, COLUMNSTATE) VALUES
(-9, 1, -1, N'idleafterbreak', 2, N'aggregator.operator.field.idleafterbreak', N'com.vocollect.voicelink.core.model.DataAggregatorFieldType.0', 0, 9, 0);
INSERT INTO VOC_DA_COLUMN(COLUMNID, VERSION, DAID, FIELDID, FIELDTYPE, DISPLAYNAME, UOM, IDENTITYCOLUMN, COLUMNSEQUENCE, COLUMNSTATE) VALUES
(-10, 1, -1, N'region', 1, N'aggregator.operator.field.region', N' ', 0, 10, 0);
INSERT INTO VOC_DA_COLUMN(COLUMNID, VERSION, DAID, FIELDID, FIELDTYPE, DISPLAYNAME, UOM, IDENTITYCOLUMN, COLUMNSEQUENCE, COLUMNSTATE) VALUES
(-11, 1, -1, N'operatorteams', 1, N'aggregator.operator.field.operatorteams', N' ', 0, 11, 0);
INSERT INTO VOC_DA_COLUMN(COLUMNID, VERSION, DAID, FIELDID, FIELDTYPE, DISPLAYNAME, UOM, IDENTITYCOLUMN, COLUMNSEQUENCE, COLUMNSTATE) VALUES
(-12, 1, -1, N'route', 1, N'aggregator.operator.field.route', N' ', 0, 12, 0);
INSERT INTO VOC_DA_COLUMN(COLUMNID, VERSION, DAID, FIELDID, FIELDTYPE, DISPLAYNAME, UOM, IDENTITYCOLUMN, COLUMNSEQUENCE, COLUMNSTATE) VALUES
(-21, 1, -2, N'routeatdeparturedate', 1, N'aggregator.route.field.routeatdeparturedate', N' ', 1, 1, 0);
INSERT INTO VOC_DA_COLUMN(COLUMNID, VERSION, DAID, FIELDID, FIELDTYPE, DISPLAYNAME, UOM, IDENTITYCOLUMN, COLUMNSEQUENCE, COLUMNSTATE) VALUES
(-22, 1, -2, N'departuredate', 5, N'aggregator.route.field.departuredate', N'com.vocollect.voicelink.core.model.DataAggregatorFieldType.3', 0, 2, 0);
INSERT INTO VOC_DA_COLUMN(COLUMNID, VERSION, DAID, FIELDID, FIELDTYPE, DISPLAYNAME, UOM, IDENTITYCOLUMN, COLUMNSEQUENCE, COLUMNSTATE) VALUES
(-23, 1, -2, N'projecteddeparturedate', 5, N'aggregator.route.field.projecteddeparturedate', N'com.vocollect.voicelink.core.model.DataAggregatorFieldType.3', 0, 3, 0);
INSERT INTO VOC_DA_COLUMN(COLUMNID, VERSION, DAID, FIELDID, FIELDTYPE, DISPLAYNAME, UOM, IDENTITYCOLUMN, COLUMNSEQUENCE, COLUMNSTATE) VALUES
(-24, 1, -2, N'projecteddeparturedelay', 2, N'aggregator.route.field.projecteddeparturedelay', N'com.vocollect.voicelink.core.model.DataAggregatorFieldType.0', 0, 4, 0);
INSERT INTO VOC_DA_COLUMN(COLUMNID, VERSION, DAID, FIELDID, FIELDTYPE, DISPLAYNAME, UOM, IDENTITYCOLUMN, COLUMNSEQUENCE, COLUMNSTATE) VALUES
(-25, 1, -2, N'operatorrequired', 2, N'aggregator.route.field.operatorrequired', N'com.vocollect.voicelink.core.model.DataAggregatorFieldType.1', 0, 5, 0);
INSERT INTO VOC_DA_COLUMN(COLUMNID, VERSION, DAID, FIELDID, FIELDTYPE, DISPLAYNAME, UOM, IDENTITYCOLUMN, COLUMNSEQUENCE, COLUMNSTATE) VALUES
(-26, 1, -2, N'percentageroutecomplete', 3, N'aggregator.route.field.percentageroutecomplete', N' ', 0, 6, 0);
INSERT INTO VOC_DA_COLUMN(COLUMNID, VERSION, DAID, FIELDID, FIELDTYPE, DISPLAYNAME, UOM, IDENTITYCOLUMN, COLUMNSEQUENCE, COLUMNSTATE) VALUES
(-27, 1, -2, N'availableassignments', 2, N'aggregator.route.field.availableassignments', N'com.vocollect.voicelink.core.model.DataAggregatorFieldType.1', 0, 7, 0);
INSERT INTO VOC_DA_COLUMN(COLUMNID, VERSION, DAID, FIELDID, FIELDTYPE, DISPLAYNAME, UOM, IDENTITYCOLUMN, COLUMNSEQUENCE, COLUMNSTATE) VALUES
(-28, 1, -2, N'shortedassignments', 2, N'aggregator.route.field.shortedassignments', N'com.vocollect.voicelink.core.model.DataAggregatorFieldType.1', 0, 8, 0);
INSERT INTO VOC_DA_COLUMN(COLUMNID, VERSION, DAID, FIELDID, FIELDTYPE, DISPLAYNAME, UOM, IDENTITYCOLUMN, COLUMNSEQUENCE, COLUMNSTATE) VALUES
(-29, 1, -2, N'completedassignments', 2, N'aggregator.route.field.completedassignments', N'com.vocollect.voicelink.core.model.DataAggregatorFieldType.1', 0, 9, 0);
INSERT INTO VOC_DA_COLUMN(COLUMNID, VERSION, DAID, FIELDID, FIELDTYPE, DISPLAYNAME, UOM, IDENTITYCOLUMN, COLUMNSEQUENCE, COLUMNSTATE) VALUES
(-30, 1, -2, N'route', 1, N'aggregator.route.field.route', N' ', 0, 10, 0);
INSERT INTO VOC_DA_COLUMN(COLUMNID, VERSION, DAID, FIELDID, FIELDTYPE, DISPLAYNAME, UOM, IDENTITYCOLUMN, COLUMNSEQUENCE, COLUMNSTATE) VALUES
(-41, 1, -3, N'routeatdeparturedate', 1, N'aggregator.assignment.status.field.routeatdeparturedate', N' ', 1, 1, 0);
INSERT INTO VOC_DA_COLUMN(COLUMNID, VERSION, DAID, FIELDID, FIELDTYPE, DISPLAYNAME, UOM, IDENTITYCOLUMN, COLUMNSEQUENCE, COLUMNSTATE) VALUES
(-42, 1, -3, N'status', 1, N'aggregator.assignment.status.field.status', N' ', 0, 2, 0);
INSERT INTO VOC_DA_COLUMN(COLUMNID, VERSION, DAID, FIELDID, FIELDTYPE, DISPLAYNAME, UOM, IDENTITYCOLUMN, COLUMNSEQUENCE, COLUMNSTATE) VALUES
(-43, 1, -3, N'numberofassignments', 2, N'aggregator.assignment.status.field.numberofassignments', N'com.vocollect.voicelink.core.model.DataAggregatorFieldType.1', 0, 3, 0);
INSERT INTO VOC_DA_COLUMN(COLUMNID, VERSION, DAID, FIELDID, FIELDTYPE, DISPLAYNAME, UOM, IDENTITYCOLUMN, COLUMNSEQUENCE, COLUMNSTATE) VALUES
(-61, 1, -4, N'region', 1, N'aggregator.region.field.region', N' ', 1, 1, 0);
INSERT INTO VOC_DA_COLUMN(COLUMNID, VERSION, DAID, FIELDID, FIELDTYPE, DISPLAYNAME, UOM, IDENTITYCOLUMN, COLUMNSEQUENCE, COLUMNSTATE) VALUES
(-62, 1, -4, N'departuredateinterval', 1, N'aggregator.region.field.departuredateinterval', N' ', 0, 2, 0);
INSERT INTO VOC_DA_COLUMN(COLUMNID, VERSION, DAID, FIELDID, FIELDTYPE, DISPLAYNAME, UOM, IDENTITYCOLUMN, COLUMNSEQUENCE, COLUMNSTATE) VALUES
(-63, 1, -4, N'operatorsworking', 2, N'aggregator.region.field.operatorsworking', N' ', 0, 3, 0);
INSERT INTO VOC_DA_COLUMN(COLUMNID, VERSION, DAID, FIELDID, FIELDTYPE, DISPLAYNAME, UOM, IDENTITYCOLUMN, COLUMNSEQUENCE, COLUMNSTATE) VALUES
(-64, 1, -4, N'operatorrequired', 2, N'aggregator.region.field.operatorrequired', N' ', 0, 4, 0);
INSERT INTO VOC_DA_COLUMN(COLUMNID, VERSION, DAID, FIELDID, FIELDTYPE, DISPLAYNAME, UOM, IDENTITYCOLUMN, COLUMNSEQUENCE, COLUMNSTATE) VALUES
(-65, 1, -4, N'percentassignmentscomplete', 3, N'aggregator.region.field.percentassignmentscomplete', N' ', 0, 5, 0);
INSERT INTO VOC_DA_COLUMN(COLUMNID, VERSION, DAID, FIELDID, FIELDTYPE, DISPLAYNAME, UOM, IDENTITYCOLUMN, COLUMNSEQUENCE, COLUMNSTATE) VALUES
(-66, 1, -4, N'quantitytopick', 2, N'aggregator.region.field.quantitytopick', N' ', 0, 6, 0);
INSERT INTO VOC_DA_COLUMN(COLUMNID, VERSION, DAID, FIELDID, FIELDTYPE, DISPLAYNAME, UOM, IDENTITYCOLUMN, COLUMNSEQUENCE, COLUMNSTATE) VALUES
(-67, 1, -4, N'totalquantity', 2, N'aggregator.region.field.totalquantity', N' ', 0, 7, 0);
INSERT INTO VOC_DA_COLUMN(COLUMNID, VERSION, DAID, FIELDID, FIELDTYPE, DISPLAYNAME, UOM, IDENTITYCOLUMN, COLUMNSEQUENCE, COLUMNSTATE) VALUES
(-68, 1, -4, N'interval', 2, N'aggregator.region.field.interval', N' ', 0, 8, 0);
INSERT INTO VOC_DA_COLUMN(COLUMNID, VERSION, DAID, FIELDID, FIELDTYPE, DISPLAYNAME, UOM, IDENTITYCOLUMN, COLUMNSEQUENCE, COLUMNSTATE) VALUES
(-81, 1, -5, N'regionininterval', 1, N'aggregator.region.assignment.status.field.regionininterval', N' ', 1, 1, 0);
INSERT INTO VOC_DA_COLUMN(COLUMNID, VERSION, DAID, FIELDID, FIELDTYPE, DISPLAYNAME, UOM, IDENTITYCOLUMN, COLUMNSEQUENCE, COLUMNSTATE) VALUES
(-82, 1, -5, N'region', 1, N'aggregator.region.assignment.status.field.region', N' ', 0, 2, 0);
INSERT INTO VOC_DA_COLUMN(COLUMNID, VERSION, DAID, FIELDID, FIELDTYPE, DISPLAYNAME, UOM, IDENTITYCOLUMN, COLUMNSEQUENCE, COLUMNSTATE) VALUES
(-83, 1, -5, N'departuredateinterval', 1, N'aggregator.region.assignment.status.field.departuredateinterval', N' ', 0, 3, 0);
INSERT INTO VOC_DA_COLUMN(COLUMNID, VERSION, DAID, FIELDID, FIELDTYPE, DISPLAYNAME, UOM, IDENTITYCOLUMN, COLUMNSEQUENCE, COLUMNSTATE) VALUES
(-84, 1, -5, N'status', 1, N'aggregator.region.assignment.status.field.status', N' ', 0, 4, 0);
INSERT INTO VOC_DA_COLUMN(COLUMNID, VERSION, DAID, FIELDID, FIELDTYPE, DISPLAYNAME, UOM, IDENTITYCOLUMN, COLUMNSEQUENCE, COLUMNSTATE) VALUES
(-85, 1, -5, N'numberofassignments', 2, N'aggregator.region.assignment.status.field.numberofassignments', N'com.vocollect.voicelink.core.model.DataAggregatorFieldType.1', 0, 5, 0);
INSERT INTO VOC_DA_COLUMN(COLUMNID, VERSION, DAID, FIELDID, FIELDTYPE, DISPLAYNAME, UOM, IDENTITYCOLUMN, COLUMNSEQUENCE, COLUMNSTATE) VALUES
(-100, 1, -6, N'region', 1, N'aggregator.infinite.region.field.region', N' ', 1, 1, 0);
INSERT INTO VOC_DA_COLUMN(COLUMNID, VERSION, DAID, FIELDID, FIELDTYPE, DISPLAYNAME, UOM, IDENTITYCOLUMN, COLUMNSEQUENCE, COLUMNSTATE) VALUES
(-101, 1, -6, N'regionnumber', 1, N'aggregator.infinite.region.field.regionnumber', N' ', 0, 2, 0);
INSERT INTO VOC_DA_COLUMN(COLUMNID, VERSION, DAID, FIELDID, FIELDTYPE, DISPLAYNAME, UOM, IDENTITYCOLUMN, COLUMNSEQUENCE, COLUMNSTATE) VALUES
(-102, 1, -6, N'hoursremaining', 3, N'aggregator.infinite.region.field.hoursremaining', N'hrs.', 0, 3, 0);
INSERT INTO VOC_DA_COLUMN(COLUMNID, VERSION, DAID, FIELDID, FIELDTYPE, DISPLAYNAME, UOM, IDENTITYCOLUMN, COLUMNSEQUENCE, COLUMNSTATE) VALUES
(-103, 1, -6, N'itemsremaining', 2, N'aggregator.infinite.region.field.itemsremaining', N' ', 0, 4, 0);
INSERT INTO VOC_DA_COLUMN(COLUMNID, VERSION, DAID, FIELDID, FIELDTYPE, DISPLAYNAME, UOM, IDENTITYCOLUMN, COLUMNSEQUENCE, COLUMNSTATE) VALUES
(-104, 1, -6, N'itemspicked', 2, N'aggregator.infinite.region.field.itemspicked', N' ', 0, 5, 0);
INSERT INTO VOC_DA_COLUMN(COLUMNID, VERSION, DAID, FIELDID, FIELDTYPE, DISPLAYNAME, UOM, IDENTITYCOLUMN, COLUMNSEQUENCE, COLUMNSTATE) VALUES
(-120, 1, -7, N'proxyhostname', 1, N'aggregator.proxy.field.proxyhostname', N' ', 1, 1, 0);
INSERT INTO VOC_DA_COLUMN(COLUMNID, VERSION, DAID, FIELDID, FIELDTYPE, DISPLAYNAME, UOM, IDENTITYCOLUMN, COLUMNSEQUENCE, COLUMNSTATE) VALUES
(-121, 1, -7, N'proxyserverstatus', 1, N'aggregator.proxy.field.proxyserverstatus', N' ', 0, 2, 0);
INSERT INTO VOC_DA_COLUMN(COLUMNID, VERSION, DAID, FIELDID, FIELDTYPE, DISPLAYNAME, UOM, IDENTITYCOLUMN, COLUMNSEQUENCE, COLUMNSTATE) VALUES
(-122, 1, -7, N'odrrejectioncount', 2, N'aggregator.proxy.field.odrrejectioncount', N' ', 0, 3, 0);
INSERT INTO VOC_DA_COLUMN(COLUMNID, VERSION, DAID, FIELDID, FIELDTYPE, DISPLAYNAME, UOM, IDENTITYCOLUMN, COLUMNSEQUENCE, COLUMNSTATE) VALUES
(-123, 1, -7, N'ioerrorcount', 2, N'aggregator.proxy.field.ioerrorcount', N' ', 0, 4, 0);
INSERT INTO VOC_DA_COLUMN(COLUMNID, VERSION, DAID, FIELDID, FIELDTYPE, DISPLAYNAME, UOM, IDENTITYCOLUMN, COLUMNSEQUENCE, COLUMNSTATE) VALUES
(-124, 1, -7, N'averagetriptime', 3, N'aggregator.proxy.field.averagetriptime', N'com.vocollect.voicelink.core.model.DataAggregatorFieldType.4', 0, 5, 0);
INSERT INTO VOC_DA_COLUMN(COLUMNID, VERSION, DAID, FIELDID, FIELDTYPE, DISPLAYNAME, UOM, IDENTITYCOLUMN, COLUMNSEQUENCE, COLUMNSTATE) VALUES
(-125, 1, -7, N'dataformaterrorcount', 2, N'aggregator.proxy.field.dataformaterrorcount', N' ', 0, 6, 0);
INSERT INTO VOC_DA_COLUMN(COLUMNID, VERSION, DAID, FIELDID, FIELDTYPE, DISPLAYNAME, UOM, IDENTITYCOLUMN, COLUMNSEQUENCE, COLUMNSTATE) VALUES
(-126, 1, -7, N'lutodrexecutionerrorcount', 2, N'aggregator.proxy.field.lutodrexecutionerrorcount', N' ', 0, 7, 0);
INSERT INTO VOC_DA_COLUMN(COLUMNID, VERSION, DAID, FIELDID, FIELDTYPE, DISPLAYNAME, UOM, IDENTITYCOLUMN, COLUMNSEQUENCE, COLUMNSTATE) VALUES
(-127, 1, -7, N'connectionbouncedcount', 2, N'aggregator.proxy.field.connectionbouncedcount', N' ', 0, 8, 0);
INSERT INTO VOC_DA_COLUMN(COLUMNID, VERSION, DAID, FIELDID, FIELDTYPE, DISPLAYNAME, UOM, IDENTITYCOLUMN, COLUMNSEQUENCE, COLUMNSTATE) VALUES
(-140, 1, -8, N'route', 1, N'aggregator.route.status.field.route', N' ', 1, 1, 0);
INSERT INTO VOC_DA_COLUMN(COLUMNID, VERSION, DAID, FIELDID, FIELDTYPE, DISPLAYNAME, UOM, IDENTITYCOLUMN, COLUMNSEQUENCE, COLUMNSTATE) VALUES
(-141, 1, -8, N'status', 1, N'aggregator.route.status.field.status', N' ', 0, 2, 0);
INSERT INTO VOC_DA_COLUMN(COLUMNID, VERSION, DAID, FIELDID, FIELDTYPE, DISPLAYNAME, UOM, IDENTITYCOLUMN, COLUMNSEQUENCE, COLUMNSTATE) VALUES
(-142, 1, -8, N'percentageroutecomplete', 3, N'aggregator.route.status.field.percentageroutecomplete', N' ', 0, 3, 0);

--
-- Inserting data into table VOC_ALERTS
--
INSERT INTO VOC_ALERTS(ALERTID, VERSION, ALERTNAME, DAINFORMATION, ALERTNOTIFICATIONPRIORITY, EMAILADDRESS, HOURS, MINUTES, LASTALERTEVENTTIME, LASTEVALUATIONTIME, ALERTSTATUS, DASHBOARD, SERVERURL) VALUES
(-1, 0, N'Operators taking longer break', -1, NULL, NULL, 0, 0, NULL, NULL, 0, NULL, NULL);
INSERT INTO VOC_ALERTS(ALERTID, VERSION, ALERTNAME, DAINFORMATION, ALERTNOTIFICATIONPRIORITY, EMAILADDRESS, HOURS, MINUTES, LASTALERTEVENTTIME, LASTEVALUATIONTIME, ALERTSTATUS, DASHBOARD, SERVERURL) VALUES
(-2, 0, N'Operators idle before break', -1, NULL, NULL, 0, 0, NULL, NULL, 0, NULL, NULL);
INSERT INTO VOC_ALERTS(ALERTID, VERSION, ALERTNAME, DAINFORMATION, ALERTNOTIFICATIONPRIORITY, EMAILADDRESS, HOURS, MINUTES, LASTALERTEVENTTIME, LASTEVALUATIONTIME, ALERTSTATUS, DASHBOARD, SERVERURL) VALUES
(-3, 0, N'Operators idle after break', -1, NULL, NULL, 0, 0, NULL, NULL, 0, NULL, NULL);
INSERT INTO VOC_ALERTS(ALERTID, VERSION, ALERTNAME, DAINFORMATION, ALERTNOTIFICATIONPRIORITY, EMAILADDRESS, HOURS, MINUTES, LASTALERTEVENTTIME, LASTEVALUATIONTIME, ALERTSTATUS, DASHBOARD, SERVERURL) VALUES
(-4, 0, N'Operators idle before Sign off', -1, NULL, NULL, 0, 0, NULL, NULL, 0, NULL, NULL);
INSERT INTO VOC_ALERTS(ALERTID, VERSION, ALERTNAME, DAINFORMATION, ALERTNOTIFICATIONPRIORITY, EMAILADDRESS, HOURS, MINUTES, LASTALERTEVENTTIME, LASTEVALUATIONTIME, ALERTSTATUS, DASHBOARD, SERVERURL) VALUES
(-5, 0, N'Operators required', -4, NULL, NULL, 0, 0, NULL, NULL, 0, NULL, NULL);
INSERT INTO VOC_ALERTS(ALERTID, VERSION, ALERTNAME, DAINFORMATION, ALERTNOTIFICATIONPRIORITY, EMAILADDRESS, HOURS, MINUTES, LASTALERTEVENTTIME, LASTEVALUATIONTIME, ALERTSTATUS, DASHBOARD, SERVERURL) VALUES
(-6, 0, N'Routes missing departure time', -2, NULL, NULL, 0, 0, NULL, NULL, 0, NULL, NULL);
INSERT INTO VOC_ALERTS(ALERTID, VERSION, ALERTNAME, DAINFORMATION, ALERTNOTIFICATIONPRIORITY, EMAILADDRESS, HOURS, MINUTES, LASTALERTEVENTTIME, LASTEVALUATIONTIME, ALERTSTATUS, DASHBOARD, SERVERURL) VALUES
(-10, 0, N'Proxy Server staus', -7, NULL, NULL, 0, 0, NULL, NULL, 0, NULL, NULL);
INSERT INTO VOC_ALERTS(ALERTID, VERSION, ALERTNAME, DAINFORMATION, ALERTNOTIFICATIONPRIORITY, EMAILADDRESS, HOURS, MINUTES, LASTALERTEVENTTIME, LASTEVALUATIONTIME, ALERTSTATUS, DASHBOARD, SERVERURL) VALUES
(-11, 0, N'ODR rejection', -7, NULL, NULL, 0, 0, NULL, NULL, 0, NULL, NULL);
INSERT INTO VOC_ALERTS(ALERTID, VERSION, ALERTNAME, DAINFORMATION, ALERTNOTIFICATIONPRIORITY, EMAILADDRESS, HOURS, MINUTES, LASTALERTEVENTTIME, LASTEVALUATIONTIME, ALERTSTATUS, DASHBOARD, SERVERURL) VALUES
(-12, 0, N'IO error', -7, NULL, NULL, 0, 0, NULL, NULL, 0, NULL, NULL);
INSERT INTO VOC_ALERTS(ALERTID, VERSION, ALERTNAME, DAINFORMATION, ALERTNOTIFICATIONPRIORITY, EMAILADDRESS, HOURS, MINUTES, LASTALERTEVENTTIME, LASTEVALUATIONTIME, ALERTSTATUS, DASHBOARD, SERVERURL) VALUES
(-13, 0, N'Average trip time', -7, NULL, NULL, 0, 0, NULL, NULL, 0, NULL, NULL);
INSERT INTO VOC_ALERTS(ALERTID, VERSION, ALERTNAME, DAINFORMATION, ALERTNOTIFICATIONPRIORITY, EMAILADDRESS, HOURS, MINUTES, LASTALERTEVENTTIME, LASTEVALUATIONTIME, ALERTSTATUS, DASHBOARD, SERVERURL) VALUES
(-14, 0, N'Data format error', -7, NULL, NULL, 0, 0, NULL, NULL, 0, NULL, NULL);
INSERT INTO VOC_ALERTS(ALERTID, VERSION, ALERTNAME, DAINFORMATION, ALERTNOTIFICATIONPRIORITY, EMAILADDRESS, HOURS, MINUTES, LASTALERTEVENTTIME, LASTEVALUATIONTIME, ALERTSTATUS, DASHBOARD, SERVERURL) VALUES
(-15, 0, N'Error in execution', -7, NULL, NULL, 0, 0, NULL, NULL, 0, NULL, NULL);
INSERT INTO VOC_ALERTS(ALERTID, VERSION, ALERTNAME, DAINFORMATION, ALERTNOTIFICATIONPRIORITY, EMAILADDRESS, HOURS, MINUTES, LASTALERTEVENTTIME, LASTEVALUATIONTIME, ALERTSTATUS, DASHBOARD, SERVERURL) VALUES
(-16, 0, N'Connection rejected', -7, NULL, NULL, 0, 0, NULL, NULL, 0, NULL, NULL);

--
-- Inserting data into table VOC_ALERT_TAG
--
INSERT INTO VOC_ALERT_TAG(TAGGED_ID, TAG_ID) VALUES
(-1, -1);
INSERT INTO VOC_ALERT_TAG(TAGGED_ID, TAG_ID) VALUES
(-2, -1);
INSERT INTO VOC_ALERT_TAG(TAGGED_ID, TAG_ID) VALUES
(-3, -1);
INSERT INTO VOC_ALERT_TAG(TAGGED_ID, TAG_ID) VALUES
(-4, -1);
INSERT INTO VOC_ALERT_TAG(TAGGED_ID, TAG_ID) VALUES
(-5, -1);
INSERT INTO VOC_ALERT_TAG(TAGGED_ID, TAG_ID) VALUES
(-6, -1);
INSERT INTO VOC_ALERT_TAG(TAGGED_ID, TAG_ID) VALUES
(-10, -1);
INSERT INTO VOC_ALERT_TAG(TAGGED_ID, TAG_ID) VALUES
(-11, -1);
INSERT INTO VOC_ALERT_TAG(TAGGED_ID, TAG_ID) VALUES
(-12, -1);
INSERT INTO VOC_ALERT_TAG(TAGGED_ID, TAG_ID) VALUES
(-13, -1);
INSERT INTO VOC_ALERT_TAG(TAGGED_ID, TAG_ID) VALUES
(-14, -1);
INSERT INTO VOC_ALERT_TAG(TAGGED_ID, TAG_ID) VALUES
(-15, -1);
INSERT INTO VOC_ALERT_TAG(TAGGED_ID, TAG_ID) VALUES
(-16, -1);

--
-- Inserting data into table VOC_ALERT_CRITERIA
--
INSERT INTO VOC_ALERT_CRITERIA(CRITERIAID, VERSION, ALERTID, CRITERIASEQUENCE, DACOLUMN, OPERANDTYPE, THRESHOLD, CRITERIARELATION) VALUES
(-1, 0, -1, 0, -5, 2, NULL, 0);
INSERT INTO VOC_ALERT_CRITERIA(CRITERIAID, VERSION, ALERTID, CRITERIASEQUENCE, DACOLUMN, OPERANDTYPE, THRESHOLD, CRITERIARELATION) VALUES
(-2, 0, -2, 0, -8, 2, NULL, 0);
INSERT INTO VOC_ALERT_CRITERIA(CRITERIAID, VERSION, ALERTID, CRITERIASEQUENCE, DACOLUMN, OPERANDTYPE, THRESHOLD, CRITERIARELATION) VALUES
(-3, 0, -3, 0, -9, 2, NULL, 0);
INSERT INTO VOC_ALERT_CRITERIA(CRITERIAID, VERSION, ALERTID, CRITERIASEQUENCE, DACOLUMN, OPERANDTYPE, THRESHOLD, CRITERIARELATION) VALUES
(-4, 0, -4, 0, -7, 2, NULL, 0);
INSERT INTO VOC_ALERT_CRITERIA(CRITERIAID, VERSION, ALERTID, CRITERIASEQUENCE, DACOLUMN, OPERANDTYPE, THRESHOLD, CRITERIARELATION) VALUES
(-5, 0, -5, 0, -64, 2, NULL, 0);
INSERT INTO VOC_ALERT_CRITERIA(CRITERIAID, VERSION, ALERTID, CRITERIASEQUENCE, DACOLUMN, OPERANDTYPE, THRESHOLD, CRITERIARELATION) VALUES
(-6, 0, -5, 1, -68, 1, NULL, 1);
INSERT INTO VOC_ALERT_CRITERIA(CRITERIAID, VERSION, ALERTID, CRITERIASEQUENCE, DACOLUMN, OPERANDTYPE, THRESHOLD, CRITERIARELATION) VALUES
(-7, 0, -6, 0, -24, 2, NULL, 0);
INSERT INTO VOC_ALERT_CRITERIA(CRITERIAID, VERSION, ALERTID, CRITERIASEQUENCE, DACOLUMN, OPERANDTYPE, THRESHOLD, CRITERIARELATION) VALUES
(-10, 0, -10, 0, -121, 8, N'OK', 0);
INSERT INTO VOC_ALERT_CRITERIA(CRITERIAID, VERSION, ALERTID, CRITERIASEQUENCE, DACOLUMN, OPERANDTYPE, THRESHOLD, CRITERIARELATION) VALUES
(-11, 0, -11, 0, -122, 2, NULL, 0);
INSERT INTO VOC_ALERT_CRITERIA(CRITERIAID, VERSION, ALERTID, CRITERIASEQUENCE, DACOLUMN, OPERANDTYPE, THRESHOLD, CRITERIARELATION) VALUES
(-12, 0, -12, 0, -123, 2, NULL, 0);
INSERT INTO VOC_ALERT_CRITERIA(CRITERIAID, VERSION, ALERTID, CRITERIASEQUENCE, DACOLUMN, OPERANDTYPE, THRESHOLD, CRITERIARELATION) VALUES
(-13, 0, -13, 0, -124, 2, NULL, 0);
INSERT INTO VOC_ALERT_CRITERIA(CRITERIAID, VERSION, ALERTID, CRITERIASEQUENCE, DACOLUMN, OPERANDTYPE, THRESHOLD, CRITERIARELATION) VALUES
(-14, 0, -14, 0, -125, 2, N'10', 0);
INSERT INTO VOC_ALERT_CRITERIA(CRITERIAID, VERSION, ALERTID, CRITERIASEQUENCE, DACOLUMN, OPERANDTYPE, THRESHOLD, CRITERIARELATION) VALUES
(-15, 0, -15, 0, -126, 2, N'10', 0);
INSERT INTO VOC_ALERT_CRITERIA(CRITERIAID, VERSION, ALERTID, CRITERIASEQUENCE, DACOLUMN, OPERANDTYPE, THRESHOLD, CRITERIARELATION) VALUES
(-16, 0, -16, 0, -127, 2, N'10', 0);

--
-- Inserting data into table VOC_CHARTS
--
INSERT INTO VOC_CHARTS(CHARTID, VERSION, NAME, DESCRIPTION, DAINFORMATION, CATEGORY, TYPE, PIVOTON, PIVOTFOR, SORTBY, SORTORDER) VALUES
(-1, 0, N'Route Progress', N'Percent work completed by route', -2, -21, 1, NULL, NULL, -22, 0);
INSERT INTO VOC_CHARTS(CHARTID, VERSION, NAME, DESCRIPTION, DAINFORMATION, CATEGORY, TYPE, PIVOTON, PIVOTFOR, SORTBY, SORTORDER) VALUES
(-2, 0, N'Route Projected Departure Date', N'Projected departure dates and delays by route', -2, -21, 2, NULL, NULL, NULL, NULL);
INSERT INTO VOC_CHARTS(CHARTID, VERSION, NAME, DESCRIPTION, DAINFORMATION, CATEGORY, TYPE, PIVOTON, PIVOTFOR, SORTBY, SORTORDER) VALUES
(-3, 0, N'Operator Actual Rate', N'Work rate by operator', -1, -1, 1, NULL, NULL, NULL, NULL);
INSERT INTO VOC_CHARTS(CHARTID, VERSION, NAME, DESCRIPTION, DAINFORMATION, CATEGORY, TYPE, PIVOTON, PIVOTFOR, SORTBY, SORTORDER) VALUES
(-4, 0, N'Assignment status composition', N'Assginments by status in selected route', -3, -42, 0, NULL, NULL, NULL, NULL);
INSERT INTO VOC_CHARTS(CHARTID, VERSION, NAME, DESCRIPTION, DAINFORMATION, CATEGORY, TYPE, PIVOTON, PIVOTFOR, SORTBY, SORTORDER) VALUES
(-5, 0, N'Operator Requirement', N'Operators required for workload per region by departure date interval', -4, -61, 2, -62, -64, NULL, NULL);
INSERT INTO VOC_CHARTS(CHARTID, VERSION, NAME, DESCRIPTION, DAINFORMATION, CATEGORY, TYPE, PIVOTON, PIVOTFOR, SORTBY, SORTORDER) VALUES
(-6, 0, N'Assignment Progress by Departure Date Interval', N'Percent assignments complete by departure date interval for selected region', -4, -62, 1, NULL, NULL, NULL, NULL);
INSERT INTO VOC_CHARTS(CHARTID, VERSION, NAME, DESCRIPTION, DAINFORMATION, CATEGORY, TYPE, PIVOTON, PIVOTFOR, SORTBY, SORTORDER) VALUES
(-7, 0, N'Region assignment composition', N'Assignments by status in selected region by departure date interval', -5, -84, 0, NULL, NULL, NULL, NULL);
INSERT INTO VOC_CHARTS(CHARTID, VERSION, NAME, DESCRIPTION, DAINFORMATION, CATEGORY, TYPE, PIVOTON, PIVOTFOR, SORTBY, SORTORDER) VALUES
(-8, 0, N'Estimated Hours Remaining', N'Approximate time to complete work by region', -6, -101, 1, NULL, NULL, NULL, NULL);
INSERT INTO VOC_CHARTS(CHARTID, VERSION, NAME, DESCRIPTION, DAINFORMATION, CATEGORY, TYPE, PIVOTON, PIVOTFOR, SORTBY, SORTORDER) VALUES
(-9, 0, N'Items Picked/Remaining', N'Items picked and remaining by region', -6, -101, 1, NULL, NULL, NULL, NULL);
INSERT INTO VOC_CHARTS(CHARTID, VERSION, NAME, DESCRIPTION, DAINFORMATION, CATEGORY, TYPE, PIVOTON, PIVOTFOR, SORTBY, SORTORDER) VALUES
(-11, 0, N'Routes Completed or Not Started', N'Routes are Not Started until one assignment is complete', -8, -140, 2, NULL, NULL, NULL, NULL);

--
-- Inserting data into table VOC_CHART_TAG
--
INSERT INTO VOC_CHART_TAG(TAGGED_ID, TAG_ID) VALUES
(-1, -1);
INSERT INTO VOC_CHART_TAG(TAGGED_ID, TAG_ID) VALUES
(-2, -1);
INSERT INTO VOC_CHART_TAG(TAGGED_ID, TAG_ID) VALUES
(-3, -1);
INSERT INTO VOC_CHART_TAG(TAGGED_ID, TAG_ID) VALUES
(-4, -1);
INSERT INTO VOC_CHART_TAG(TAGGED_ID, TAG_ID) VALUES
(-5, -1);
INSERT INTO VOC_CHART_TAG(TAGGED_ID, TAG_ID) VALUES
(-6, -1);
INSERT INTO VOC_CHART_TAG(TAGGED_ID, TAG_ID) VALUES
(-7, -1);
INSERT INTO VOC_CHART_TAG(TAGGED_ID, TAG_ID) VALUES
(-8, -1);
INSERT INTO VOC_CHART_TAG(TAGGED_ID, TAG_ID) VALUES
(-9, -1);
INSERT INTO VOC_CHART_TAG(TAGGED_ID, TAG_ID) VALUES
(-11, -1);

--
-- Inserting data into table VOC_CHART_DATA_FIELDS
--
INSERT INTO VOC_CHART_DATA_FIELDS(CHARTDATAFIELDID, VERSION, CHARTID, DACOLUMNID) VALUES
(-1, 0, -1, -26);
INSERT INTO VOC_CHART_DATA_FIELDS(CHARTDATAFIELDID, VERSION, CHARTID, DACOLUMNID) VALUES
(-11, 0, -2, -22);
INSERT INTO VOC_CHART_DATA_FIELDS(CHARTDATAFIELDID, VERSION, CHARTID, DACOLUMNID) VALUES
(-12, 0, -2, -23);
INSERT INTO VOC_CHART_DATA_FIELDS(CHARTDATAFIELDID, VERSION, CHARTID, DACOLUMNID) VALUES
(-13, 0, -2, -24);
INSERT INTO VOC_CHART_DATA_FIELDS(CHARTDATAFIELDID, VERSION, CHARTID, DACOLUMNID) VALUES
(-21, 0, -3, -3);
INSERT INTO VOC_CHART_DATA_FIELDS(CHARTDATAFIELDID, VERSION, CHARTID, DACOLUMNID) VALUES
(-31, 0, -4, -43);
INSERT INTO VOC_CHART_DATA_FIELDS(CHARTDATAFIELDID, VERSION, CHARTID, DACOLUMNID) VALUES
(-41, 0, -5, -63);
INSERT INTO VOC_CHART_DATA_FIELDS(CHARTDATAFIELDID, VERSION, CHARTID, DACOLUMNID) VALUES
(-51, 0, -6, -65);
INSERT INTO VOC_CHART_DATA_FIELDS(CHARTDATAFIELDID, VERSION, CHARTID, DACOLUMNID) VALUES
(-61, 0, -7, -85);
INSERT INTO VOC_CHART_DATA_FIELDS(CHARTDATAFIELDID, VERSION, CHARTID, DACOLUMNID) VALUES
(-71, 0, -8, -102);
INSERT INTO VOC_CHART_DATA_FIELDS(CHARTDATAFIELDID, VERSION, CHARTID, DACOLUMNID) VALUES
(-81, 0, -9, -103);
INSERT INTO VOC_CHART_DATA_FIELDS(CHARTDATAFIELDID, VERSION, CHARTID, DACOLUMNID) VALUES
(-82, 0, -9, -104);
INSERT INTO VOC_CHART_DATA_FIELDS(CHARTDATAFIELDID, VERSION, CHARTID, DACOLUMNID) VALUES
(-101, 0, -11, -142);

--
-- Inserting data into table VOC_DASHBOARDS
--
INSERT INTO VOC_DASHBOARDS(DASHBOARDID, VERSION, NAME, TIMEFILTER, DESCRIPTION) VALUES
(-1, 0, N'Delivery Management', 0, N'Route Status Tracking');
INSERT INTO VOC_DASHBOARDS(DASHBOARDID, VERSION, NAME, TIMEFILTER, DESCRIPTION) VALUES
(-2, 0, N'Workforce Planning', 0, N'Region tracking and resources required');
INSERT INTO VOC_DASHBOARDS(DASHBOARDID, VERSION, NAME, TIMEFILTER, DESCRIPTION) VALUES
(-3, 0, N'Remaining Work', 0, N'Remaining progress detail for current shift');

--
-- Inserting data into table VOC_DASHBOARD_TAG
--
INSERT INTO VOC_DASHBOARD_TAG(TAGGED_ID, TAG_ID) VALUES
(-1, -1);
INSERT INTO VOC_DASHBOARD_TAG(TAGGED_ID, TAG_ID) VALUES
(-2, -1);
INSERT INTO VOC_DASHBOARD_TAG(TAGGED_ID, TAG_ID) VALUES
(-3, -1);

--
-- Inserting data into table VOC_DASHBOARD_DETAILS
--
INSERT INTO VOC_DASHBOARD_DETAILS(DASHBOARDDETAILID, VERSION, DASHBOARDID, CHARTID, DRILLDOWNCHARTID, LINKEDDRILLDOWNFIELD) VALUES
(-1, 0, -1, -2, -4, -41);
INSERT INTO VOC_DASHBOARD_DETAILS(DASHBOARDDETAILID, VERSION, DASHBOARDID, CHARTID, DRILLDOWNCHARTID, LINKEDDRILLDOWNFIELD) VALUES
(-2, 0, -1, -2, NULL, NULL);
INSERT INTO VOC_DASHBOARD_DETAILS(DASHBOARDDETAILID, VERSION, DASHBOARDID, CHARTID, DRILLDOWNCHARTID, LINKEDDRILLDOWNFIELD) VALUES
(-3, 0, -1, -1, -3, -2);
INSERT INTO VOC_DASHBOARD_DETAILS(DASHBOARDDETAILID, VERSION, DASHBOARDID, CHARTID, DRILLDOWNCHARTID, LINKEDDRILLDOWNFIELD) VALUES
(-4, 0, -1, -1, NULL, NULL);
INSERT INTO VOC_DASHBOARD_DETAILS(DASHBOARDDETAILID, VERSION, DASHBOARDID, CHARTID, DRILLDOWNCHARTID, LINKEDDRILLDOWNFIELD) VALUES
(-5, 0, -1, -11, NULL, NULL);
INSERT INTO VOC_DASHBOARD_DETAILS(DASHBOARDDETAILID, VERSION, DASHBOARDID, CHARTID, DRILLDOWNCHARTID, LINKEDDRILLDOWNFIELD) VALUES
(-21, 0, -2, -5, -6, -61);
INSERT INTO VOC_DASHBOARD_DETAILS(DASHBOARDDETAILID, VERSION, DASHBOARDID, CHARTID, DRILLDOWNCHARTID, LINKEDDRILLDOWNFIELD) VALUES
(-22, 0, -2, -5, -3, -10);
INSERT INTO VOC_DASHBOARD_DETAILS(DASHBOARDDETAILID, VERSION, DASHBOARDID, CHARTID, DRILLDOWNCHARTID, LINKEDDRILLDOWNFIELD) VALUES
(-23, 0, -2, -5, NULL, NULL);
INSERT INTO VOC_DASHBOARD_DETAILS(DASHBOARDDETAILID, VERSION, DASHBOARDID, CHARTID, DRILLDOWNCHARTID, LINKEDDRILLDOWNFIELD) VALUES
(-20, 0, -2, -6, -7, -83);
INSERT INTO VOC_DASHBOARD_DETAILS(DASHBOARDDETAILID, VERSION, DASHBOARDID, CHARTID, DRILLDOWNCHARTID, LINKEDDRILLDOWNFIELD) VALUES
(-300, 0, -3, -8, NULL, NULL);
INSERT INTO VOC_DASHBOARD_DETAILS(DASHBOARDDETAILID, VERSION, DASHBOARDID, CHARTID, DRILLDOWNCHARTID, LINKEDDRILLDOWNFIELD) VALUES
(-301, 0, -3, -9, NULL, NULL);

--
-- Deleting data from table VOC_COLUMN
--
DELETE FROM VOC_COLUMN WHERE ID = -22303;
DELETE FROM VOC_COLUMN WHERE ID = -22302;
DELETE FROM VOC_COLUMN WHERE ID = -22301;

--
-- Updating data of table VOC_COLUMN
--
UPDATE VOC_COLUMN SET DISPLAY_FUNCTION = N'formatTime' WHERE ID = -13217;
UPDATE VOC_COLUMN SET DISPLAY_FUNCTION = N'formatTime' WHERE ID = -11413;
UPDATE VOC_COLUMN SET DISPLAY_FUNCTION = N'formatTime' WHERE ID = -11304;
UPDATE VOC_COLUMN SET DISPLAY_FUNCTION = N'formatTime' WHERE ID = -10945;

--
-- Inserting data into table VOC_COLUMN
--
INSERT INTO VOC_COLUMN(ID, VIEW_ID, FIELD, DISPLAY, SORTED, SORTTYPE, REQUIRED, DISPLAYABLE, SORT_ASC, WIDTH, VISIBLE, COLUMN_ORDER, DATA_TYPE_ID, OPERAND_TYPE, DISPLAY_FUNCTION, DISPLAY_PARAM, PAINTER_FUNCTION, TOOL_TIP_FUNCTION, EXTRA_FIELDS, EXTRA_FILTER_INFO, FILTERTYPE, FILTER_ENUM_TYPE, OPTION_KEY_PREFIX, FILTER_AUTO_COMPLETE_DISABLE) VALUES
(-24204, -1250, N'endTime.descriptiveText', N'shift.view.column.endTime', 0, 5, 0, 1, 1, 150, 1, 3, NULL, 0, NULL, NULL, NULL, NULL, NULL, NULL, 2, NULL, NULL, NULL);
INSERT INTO VOC_COLUMN(ID, VIEW_ID, FIELD, DISPLAY, SORTED, SORTTYPE, REQUIRED, DISPLAYABLE, SORT_ASC, WIDTH, VISIBLE, COLUMN_ORDER, DATA_TYPE_ID, OPERAND_TYPE, DISPLAY_FUNCTION, DISPLAY_PARAM, PAINTER_FUNCTION, TOOL_TIP_FUNCTION, EXTRA_FIELDS, EXTRA_FILTER_INFO, FILTERTYPE, FILTER_ENUM_TYPE, OPTION_KEY_PREFIX, FILTER_AUTO_COMPLETE_DISABLE) VALUES
(-24203, -1250, N'startTime.descriptiveText', N'shift.view.column.startTime', 0, 5, 0, 1, 1, 150, 1, 2, NULL, 0, NULL, NULL, NULL, NULL, NULL, NULL, 2, NULL, NULL, NULL);
INSERT INTO VOC_COLUMN(ID, VIEW_ID, FIELD, DISPLAY, SORTED, SORTTYPE, REQUIRED, DISPLAYABLE, SORT_ASC, WIDTH, VISIBLE, COLUMN_ORDER, DATA_TYPE_ID, OPERAND_TYPE, DISPLAY_FUNCTION, DISPLAY_PARAM, PAINTER_FUNCTION, TOOL_TIP_FUNCTION, EXTRA_FIELDS, EXTRA_FILTER_INFO, FILTERTYPE, FILTER_ENUM_TYPE, OPTION_KEY_PREFIX, FILTER_AUTO_COMPLETE_DISABLE) VALUES
(-24202, -1250, N'name', N'shift.view.column.name', 1, 5, 1, 1, 1, 150, 1, 1, NULL, 0, NULL, NULL, N'displayShift', NULL, NULL, NULL, 1, NULL, NULL, NULL);
INSERT INTO VOC_COLUMN(ID, VIEW_ID, FIELD, DISPLAY, SORTED, SORTTYPE, REQUIRED, DISPLAYABLE, SORT_ASC, WIDTH, VISIBLE, COLUMN_ORDER, DATA_TYPE_ID, OPERAND_TYPE, DISPLAY_FUNCTION, DISPLAY_PARAM, PAINTER_FUNCTION, TOOL_TIP_FUNCTION, EXTRA_FIELDS, EXTRA_FILTER_INFO, FILTERTYPE, FILTER_ENUM_TYPE, OPTION_KEY_PREFIX, FILTER_AUTO_COMPLETE_DISABLE) VALUES
(-24201, -1250, N'id', NULL, 0, 0, 1, 0, 0, 0, 0, 100, NULL, NULL, NULL, NULL, NULL, NULL, NULL, NULL, 2, NULL, NULL, NULL);
INSERT INTO VOC_COLUMN(ID, VIEW_ID, FIELD, DISPLAY, SORTED, SORTTYPE, REQUIRED, DISPLAYABLE, SORT_ASC, WIDTH, VISIBLE, COLUMN_ORDER, DATA_TYPE_ID, OPERAND_TYPE, DISPLAY_FUNCTION, DISPLAY_PARAM, PAINTER_FUNCTION, TOOL_TIP_FUNCTION, EXTRA_FIELDS, EXTRA_FILTER_INFO, FILTERTYPE, FILTER_ENUM_TYPE, OPTION_KEY_PREFIX, FILTER_AUTO_COMPLETE_DISABLE) VALUES
(-1105, -2004, N'id', NULL, 0, 0, 1, 0, 1, 0, 0, 100, NULL, NULL, NULL, NULL, NULL, NULL, NULL, NULL, 2, NULL, NULL, NULL);
INSERT INTO VOC_COLUMN(ID, VIEW_ID, FIELD, DISPLAY, SORTED, SORTTYPE, REQUIRED, DISPLAYABLE, SORT_ASC, WIDTH, VISIBLE, COLUMN_ORDER, DATA_TYPE_ID, OPERAND_TYPE, DISPLAY_FUNCTION, DISPLAY_PARAM, PAINTER_FUNCTION, TOOL_TIP_FUNCTION, EXTRA_FIELDS, EXTRA_FILTER_INFO, FILTERTYPE, FILTER_ENUM_TYPE, OPTION_KEY_PREFIX, FILTER_AUTO_COMPLETE_DISABLE) VALUES
(-1104, -2004, N'linkedDrillDownField.daColumnDisplayName', N'dashboard.detail.view.column.chart.drillDown.linkedField', 0, 5, 1, 1, 1, 200, 1, 4, NULL, 0, NULL, NULL, NULL, NULL, NULL, NULL, 2, NULL, NULL, NULL);
INSERT INTO VOC_COLUMN(ID, VIEW_ID, FIELD, DISPLAY, SORTED, SORTTYPE, REQUIRED, DISPLAYABLE, SORT_ASC, WIDTH, VISIBLE, COLUMN_ORDER, DATA_TYPE_ID, OPERAND_TYPE, DISPLAY_FUNCTION, DISPLAY_PARAM, PAINTER_FUNCTION, TOOL_TIP_FUNCTION, EXTRA_FIELDS, EXTRA_FILTER_INFO, FILTERTYPE, FILTER_ENUM_TYPE, OPTION_KEY_PREFIX, FILTER_AUTO_COMPLETE_DISABLE) VALUES
(-1103, -2004, N'drillDownChart.name', N'dashboard.detail.view.column.chart.drillDown', 1, 5, 1, 1, 1, 200, 1, 3, NULL, 0, NULL, NULL, NULL, NULL, NULL, NULL, 1, NULL, NULL, NULL);
INSERT INTO VOC_COLUMN(ID, VIEW_ID, FIELD, DISPLAY, SORTED, SORTTYPE, REQUIRED, DISPLAYABLE, SORT_ASC, WIDTH, VISIBLE, COLUMN_ORDER, DATA_TYPE_ID, OPERAND_TYPE, DISPLAY_FUNCTION, DISPLAY_PARAM, PAINTER_FUNCTION, TOOL_TIP_FUNCTION, EXTRA_FIELDS, EXTRA_FILTER_INFO, FILTERTYPE, FILTER_ENUM_TYPE, OPTION_KEY_PREFIX, FILTER_AUTO_COMPLETE_DISABLE) VALUES
(-1102, -2004, N'parentChart.name', N'dashboard.detail.view.column.chart.parent', 1, 5, 1, 1, 1, 200, 1, 2, NULL, 0, NULL, NULL, NULL, NULL, NULL, NULL, 1, NULL, NULL, NULL);
INSERT INTO VOC_COLUMN(ID, VIEW_ID, FIELD, DISPLAY, SORTED, SORTTYPE, REQUIRED, DISPLAYABLE, SORT_ASC, WIDTH, VISIBLE, COLUMN_ORDER, DATA_TYPE_ID, OPERAND_TYPE, DISPLAY_FUNCTION, DISPLAY_PARAM, PAINTER_FUNCTION, TOOL_TIP_FUNCTION, EXTRA_FIELDS, EXTRA_FILTER_INFO, FILTERTYPE, FILTER_ENUM_TYPE, OPTION_KEY_PREFIX, FILTER_AUTO_COMPLETE_DISABLE) VALUES
(-1101, -2004, N'dashboard.name', N'dashboard.detail.view.column.dashboard', 1, 5, 1, 1, 1, 150, 1, 1, NULL, 0, NULL, NULL, NULL, NULL, NULL, NULL, 1, NULL, NULL, NULL);
INSERT INTO VOC_COLUMN(ID, VIEW_ID, FIELD, DISPLAY, SORTED, SORTTYPE, REQUIRED, DISPLAYABLE, SORT_ASC, WIDTH, VISIBLE, COLUMN_ORDER, DATA_TYPE_ID, OPERAND_TYPE, DISPLAY_FUNCTION, DISPLAY_PARAM, PAINTER_FUNCTION, TOOL_TIP_FUNCTION, EXTRA_FIELDS, EXTRA_FILTER_INFO, FILTERTYPE, FILTER_ENUM_TYPE, OPTION_KEY_PREFIX, FILTER_AUTO_COMPLETE_DISABLE) VALUES
(-1055, -2003, N'timeFilter', N'dashboardalert.dashboard.view.column.timeFilter', 1, 1, 1, 1, 1, 150, 1, 4, NULL, 3, NULL, NULL, NULL, NULL, NULL, NULL, 2, NULL, NULL, NULL);
INSERT INTO VOC_COLUMN(ID, VIEW_ID, FIELD, DISPLAY, SORTED, SORTTYPE, REQUIRED, DISPLAYABLE, SORT_ASC, WIDTH, VISIBLE, COLUMN_ORDER, DATA_TYPE_ID, OPERAND_TYPE, DISPLAY_FUNCTION, DISPLAY_PARAM, PAINTER_FUNCTION, TOOL_TIP_FUNCTION, EXTRA_FIELDS, EXTRA_FILTER_INFO, FILTERTYPE, FILTER_ENUM_TYPE, OPTION_KEY_PREFIX, FILTER_AUTO_COMPLETE_DISABLE) VALUES
(-1054, -2003, N'isDefault', N'dashboardalert.dashboard.view.column.isDefault', 0, 0, 1, 1, 1, 80, 1, 3, NULL, 4, N'formatisDefaultDashboard', NULL, N'displayDashboardIsDefault', NULL, NULL, NULL, 2, NULL, NULL, NULL);
INSERT INTO VOC_COLUMN(ID, VIEW_ID, FIELD, DISPLAY, SORTED, SORTTYPE, REQUIRED, DISPLAYABLE, SORT_ASC, WIDTH, VISIBLE, COLUMN_ORDER, DATA_TYPE_ID, OPERAND_TYPE, DISPLAY_FUNCTION, DISPLAY_PARAM, PAINTER_FUNCTION, TOOL_TIP_FUNCTION, EXTRA_FIELDS, EXTRA_FILTER_INFO, FILTERTYPE, FILTER_ENUM_TYPE, OPTION_KEY_PREFIX, FILTER_AUTO_COMPLETE_DISABLE) VALUES
(-1053, -2003, N'description', N'dashboardalert.dashboard.view.column.description', 1, 5, 1, 1, 1, 200, 1, 2, NULL, 0, NULL, NULL, NULL, NULL, NULL, NULL, 1, NULL, NULL, NULL);
INSERT INTO VOC_COLUMN(ID, VIEW_ID, FIELD, DISPLAY, SORTED, SORTTYPE, REQUIRED, DISPLAYABLE, SORT_ASC, WIDTH, VISIBLE, COLUMN_ORDER, DATA_TYPE_ID, OPERAND_TYPE, DISPLAY_FUNCTION, DISPLAY_PARAM, PAINTER_FUNCTION, TOOL_TIP_FUNCTION, EXTRA_FIELDS, EXTRA_FILTER_INFO, FILTERTYPE, FILTER_ENUM_TYPE, OPTION_KEY_PREFIX, FILTER_AUTO_COMPLETE_DISABLE) VALUES
(-1052, -2003, N'name', N'dashboardalert.dashboard.view.column.name', 1, 5, 1, 1, 1, 150, 1, 1, NULL, 0, NULL, NULL, N'displayDashboard', NULL, NULL, NULL, 1, NULL, NULL, NULL);
INSERT INTO VOC_COLUMN(ID, VIEW_ID, FIELD, DISPLAY, SORTED, SORTTYPE, REQUIRED, DISPLAYABLE, SORT_ASC, WIDTH, VISIBLE, COLUMN_ORDER, DATA_TYPE_ID, OPERAND_TYPE, DISPLAY_FUNCTION, DISPLAY_PARAM, PAINTER_FUNCTION, TOOL_TIP_FUNCTION, EXTRA_FIELDS, EXTRA_FILTER_INFO, FILTERTYPE, FILTER_ENUM_TYPE, OPTION_KEY_PREFIX, FILTER_AUTO_COMPLETE_DISABLE) VALUES
(-1051, -2003, N'id', NULL, 0, 0, 1, 0, 0, 0, 0, 100, NULL, NULL, NULL, NULL, NULL, NULL, NULL, NULL, 2, NULL, NULL, NULL);
INSERT INTO VOC_COLUMN(ID, VIEW_ID, FIELD, DISPLAY, SORTED, SORTTYPE, REQUIRED, DISPLAYABLE, SORT_ASC, WIDTH, VISIBLE, COLUMN_ORDER, DATA_TYPE_ID, OPERAND_TYPE, DISPLAY_FUNCTION, DISPLAY_PARAM, PAINTER_FUNCTION, TOOL_TIP_FUNCTION, EXTRA_FIELDS, EXTRA_FILTER_INFO, FILTERTYPE, FILTER_ENUM_TYPE, OPTION_KEY_PREFIX, FILTER_AUTO_COMPLETE_DISABLE) VALUES
(-1010, -2002, N'sortOrder', N'dashboardalert.chart.view.column.sortOrder', 0, 3, 1, 1, 1, 150, 1, 9, NULL, 3, NULL, NULL, NULL, NULL, NULL, NULL, 2, NULL, NULL, NULL);
INSERT INTO VOC_COLUMN(ID, VIEW_ID, FIELD, DISPLAY, SORTED, SORTTYPE, REQUIRED, DISPLAYABLE, SORT_ASC, WIDTH, VISIBLE, COLUMN_ORDER, DATA_TYPE_ID, OPERAND_TYPE, DISPLAY_FUNCTION, DISPLAY_PARAM, PAINTER_FUNCTION, TOOL_TIP_FUNCTION, EXTRA_FIELDS, EXTRA_FILTER_INFO, FILTERTYPE, FILTER_ENUM_TYPE, OPTION_KEY_PREFIX, FILTER_AUTO_COMPLETE_DISABLE) VALUES
(-1009, -2002, N'sortByDisplayName', N'dashboardalert.chart.view.column.sortBy', 0, 5, 1, 1, 1, 150, 1, 8, NULL, 0, NULL, NULL, NULL, NULL, NULL, NULL, 2, NULL, NULL, NULL);
INSERT INTO VOC_COLUMN(ID, VIEW_ID, FIELD, DISPLAY, SORTED, SORTTYPE, REQUIRED, DISPLAYABLE, SORT_ASC, WIDTH, VISIBLE, COLUMN_ORDER, DATA_TYPE_ID, OPERAND_TYPE, DISPLAY_FUNCTION, DISPLAY_PARAM, PAINTER_FUNCTION, TOOL_TIP_FUNCTION, EXTRA_FIELDS, EXTRA_FILTER_INFO, FILTERTYPE, FILTER_ENUM_TYPE, OPTION_KEY_PREFIX, FILTER_AUTO_COMPLETE_DISABLE) VALUES
(-1008, -2002, N'pivotForDisplayName', N'dashboardalert.chart.view.column.pivotFor', 0, 5, 1, 1, 1, 150, 1, 7, NULL, 0, NULL, NULL, NULL, NULL, NULL, NULL, 2, NULL, NULL, NULL);
INSERT INTO VOC_COLUMN(ID, VIEW_ID, FIELD, DISPLAY, SORTED, SORTTYPE, REQUIRED, DISPLAYABLE, SORT_ASC, WIDTH, VISIBLE, COLUMN_ORDER, DATA_TYPE_ID, OPERAND_TYPE, DISPLAY_FUNCTION, DISPLAY_PARAM, PAINTER_FUNCTION, TOOL_TIP_FUNCTION, EXTRA_FIELDS, EXTRA_FILTER_INFO, FILTERTYPE, FILTER_ENUM_TYPE, OPTION_KEY_PREFIX, FILTER_AUTO_COMPLETE_DISABLE) VALUES
(-1007, -2002, N'pivotOnDisplayName', N'dashboardalert.chart.view.column.pivotOn', 0, 5, 1, 1, 1, 150, 1, 6, NULL, 0, NULL, NULL, NULL, NULL, NULL, NULL, 2, NULL, NULL, NULL);
INSERT INTO VOC_COLUMN(ID, VIEW_ID, FIELD, DISPLAY, SORTED, SORTTYPE, REQUIRED, DISPLAYABLE, SORT_ASC, WIDTH, VISIBLE, COLUMN_ORDER, DATA_TYPE_ID, OPERAND_TYPE, DISPLAY_FUNCTION, DISPLAY_PARAM, PAINTER_FUNCTION, TOOL_TIP_FUNCTION, EXTRA_FIELDS, EXTRA_FILTER_INFO, FILTERTYPE, FILTER_ENUM_TYPE, OPTION_KEY_PREFIX, FILTER_AUTO_COMPLETE_DISABLE) VALUES
(-1006, -2002, N'type', N'dashboardalert.chart.view.column.type', 0, 3, 1, 1, 1, 150, 1, 5, NULL, 3, NULL, NULL, NULL, NULL, NULL, NULL, 2, NULL, NULL, NULL);
INSERT INTO VOC_COLUMN(ID, VIEW_ID, FIELD, DISPLAY, SORTED, SORTTYPE, REQUIRED, DISPLAYABLE, SORT_ASC, WIDTH, VISIBLE, COLUMN_ORDER, DATA_TYPE_ID, OPERAND_TYPE, DISPLAY_FUNCTION, DISPLAY_PARAM, PAINTER_FUNCTION, TOOL_TIP_FUNCTION, EXTRA_FIELDS, EXTRA_FILTER_INFO, FILTERTYPE, FILTER_ENUM_TYPE, OPTION_KEY_PREFIX, FILTER_AUTO_COMPLETE_DISABLE) VALUES
(-1005, -2002, N'category.daColumnDisplayName', N'dashboardalert.chart.view.column.category', 0, 5, 1, 1, 1, 150, 1, 4, NULL, 0, NULL, NULL, NULL, NULL, NULL, NULL, 2, NULL, NULL, NULL);
INSERT INTO VOC_COLUMN(ID, VIEW_ID, FIELD, DISPLAY, SORTED, SORTTYPE, REQUIRED, DISPLAYABLE, SORT_ASC, WIDTH, VISIBLE, COLUMN_ORDER, DATA_TYPE_ID, OPERAND_TYPE, DISPLAY_FUNCTION, DISPLAY_PARAM, PAINTER_FUNCTION, TOOL_TIP_FUNCTION, EXTRA_FIELDS, EXTRA_FILTER_INFO, FILTERTYPE, FILTER_ENUM_TYPE, OPTION_KEY_PREFIX, FILTER_AUTO_COMPLETE_DISABLE) VALUES
(-1004, -2002, N'daInformation.daInformationDisplayName', N'dashboardalert.chart.view.column.dainformation.displayname', 0, 5, 1, 1, 1, 150, 1, 3, NULL, 0, NULL, NULL, NULL, NULL, NULL, NULL, 2, NULL, NULL, NULL);
INSERT INTO VOC_COLUMN(ID, VIEW_ID, FIELD, DISPLAY, SORTED, SORTTYPE, REQUIRED, DISPLAYABLE, SORT_ASC, WIDTH, VISIBLE, COLUMN_ORDER, DATA_TYPE_ID, OPERAND_TYPE, DISPLAY_FUNCTION, DISPLAY_PARAM, PAINTER_FUNCTION, TOOL_TIP_FUNCTION, EXTRA_FIELDS, EXTRA_FILTER_INFO, FILTERTYPE, FILTER_ENUM_TYPE, OPTION_KEY_PREFIX, FILTER_AUTO_COMPLETE_DISABLE) VALUES
(-1003, -2002, N'description', N'dashboardalert.chart.view.column.description', 1, 5, 1, 1, 1, 200, 1, 2, NULL, 0, NULL, NULL, NULL, NULL, NULL, NULL, 1, NULL, NULL, NULL);
INSERT INTO VOC_COLUMN(ID, VIEW_ID, FIELD, DISPLAY, SORTED, SORTTYPE, REQUIRED, DISPLAYABLE, SORT_ASC, WIDTH, VISIBLE, COLUMN_ORDER, DATA_TYPE_ID, OPERAND_TYPE, DISPLAY_FUNCTION, DISPLAY_PARAM, PAINTER_FUNCTION, TOOL_TIP_FUNCTION, EXTRA_FIELDS, EXTRA_FILTER_INFO, FILTERTYPE, FILTER_ENUM_TYPE, OPTION_KEY_PREFIX, FILTER_AUTO_COMPLETE_DISABLE) VALUES
(-1002, -2002, N'name', N'dashboardalert.chart.view.column.name', 1, 5, 1, 1, 1, 150, 1, 1, NULL, 0, NULL, NULL, N'displayChart', NULL, NULL, NULL, 1, NULL, NULL, NULL);
INSERT INTO VOC_COLUMN(ID, VIEW_ID, FIELD, DISPLAY, SORTED, SORTTYPE, REQUIRED, DISPLAYABLE, SORT_ASC, WIDTH, VISIBLE, COLUMN_ORDER, DATA_TYPE_ID, OPERAND_TYPE, DISPLAY_FUNCTION, DISPLAY_PARAM, PAINTER_FUNCTION, TOOL_TIP_FUNCTION, EXTRA_FIELDS, EXTRA_FILTER_INFO, FILTERTYPE, FILTER_ENUM_TYPE, OPTION_KEY_PREFIX, FILTER_AUTO_COMPLETE_DISABLE) VALUES
(-1001, -2002, N'id', NULL, 0, 0, 1, 0, 0, 0, 0, 100, NULL, NULL, NULL, NULL, NULL, NULL, NULL, NULL, 2, NULL, NULL, NULL);
INSERT INTO VOC_COLUMN(ID, VIEW_ID, FIELD, DISPLAY, SORTED, SORTTYPE, REQUIRED, DISPLAYABLE, SORT_ASC, WIDTH, VISIBLE, COLUMN_ORDER, DATA_TYPE_ID, OPERAND_TYPE, DISPLAY_FUNCTION, DISPLAY_PARAM, PAINTER_FUNCTION, TOOL_TIP_FUNCTION, EXTRA_FIELDS, EXTRA_FILTER_INFO, FILTERTYPE, FILTER_ENUM_TYPE, OPTION_KEY_PREFIX, FILTER_AUTO_COMPLETE_DISABLE) VALUES
(-957, -2001, N'daColumn.uomDisplayName', N'dashboardalert.alertcriteria.view.column.uom', 1, 5, 1, 1, 1, 150, 1, 6, NULL, 0, NULL, NULL, NULL, NULL, NULL, NULL, 2, NULL, NULL, NULL);
INSERT INTO VOC_COLUMN(ID, VIEW_ID, FIELD, DISPLAY, SORTED, SORTTYPE, REQUIRED, DISPLAYABLE, SORT_ASC, WIDTH, VISIBLE, COLUMN_ORDER, DATA_TYPE_ID, OPERAND_TYPE, DISPLAY_FUNCTION, DISPLAY_PARAM, PAINTER_FUNCTION, TOOL_TIP_FUNCTION, EXTRA_FIELDS, EXTRA_FILTER_INFO, FILTERTYPE, FILTER_ENUM_TYPE, OPTION_KEY_PREFIX, FILTER_AUTO_COMPLETE_DISABLE) VALUES
(-956, -2001, N'threshold', N'dashboardalert.alertcriteria.view.column.thresholdValue', 1, 5, 1, 1, 1, 150, 1, 5, NULL, 0, NULL, NULL, NULL, NULL, NULL, NULL, 1, NULL, NULL, NULL);
INSERT INTO VOC_COLUMN(ID, VIEW_ID, FIELD, DISPLAY, SORTED, SORTTYPE, REQUIRED, DISPLAYABLE, SORT_ASC, WIDTH, VISIBLE, COLUMN_ORDER, DATA_TYPE_ID, OPERAND_TYPE, DISPLAY_FUNCTION, DISPLAY_PARAM, PAINTER_FUNCTION, TOOL_TIP_FUNCTION, EXTRA_FIELDS, EXTRA_FILTER_INFO, FILTERTYPE, FILTER_ENUM_TYPE, OPTION_KEY_PREFIX, FILTER_AUTO_COMPLETE_DISABLE) VALUES
(-955, -2001, N'operandType', N'dashboardalert.alertcriteria.view.column.operation', 1, 3, 0, 1, 1, 150, 1, 4, NULL, 3, NULL, NULL, NULL, NULL, NULL, NULL, 2, NULL, NULL, NULL);
INSERT INTO VOC_COLUMN(ID, VIEW_ID, FIELD, DISPLAY, SORTED, SORTTYPE, REQUIRED, DISPLAYABLE, SORT_ASC, WIDTH, VISIBLE, COLUMN_ORDER, DATA_TYPE_ID, OPERAND_TYPE, DISPLAY_FUNCTION, DISPLAY_PARAM, PAINTER_FUNCTION, TOOL_TIP_FUNCTION, EXTRA_FIELDS, EXTRA_FILTER_INFO, FILTERTYPE, FILTER_ENUM_TYPE, OPTION_KEY_PREFIX, FILTER_AUTO_COMPLETE_DISABLE) VALUES
(-954, -2001, N'daColumn.daColumnDisplayName', N'dashboardalert.alertcriteria.view.column.dataParameter', 1, 5, 1, 1, 1, 150, 1, 3, NULL, 0, NULL, NULL, NULL, NULL, NULL, NULL, 2, NULL, NULL, NULL);
INSERT INTO VOC_COLUMN(ID, VIEW_ID, FIELD, DISPLAY, SORTED, SORTTYPE, REQUIRED, DISPLAYABLE, SORT_ASC, WIDTH, VISIBLE, COLUMN_ORDER, DATA_TYPE_ID, OPERAND_TYPE, DISPLAY_FUNCTION, DISPLAY_PARAM, PAINTER_FUNCTION, TOOL_TIP_FUNCTION, EXTRA_FIELDS, EXTRA_FILTER_INFO, FILTERTYPE, FILTER_ENUM_TYPE, OPTION_KEY_PREFIX, FILTER_AUTO_COMPLETE_DISABLE) VALUES
(-953, -2001, N'relation', N'dashboardalert.alertcriteria.view.column.relation', 1, 3, 0, 1, 1, 150, 1, 2, NULL, 3, NULL, NULL, NULL, NULL, NULL, NULL, 2, NULL, NULL, NULL);
INSERT INTO VOC_COLUMN(ID, VIEW_ID, FIELD, DISPLAY, SORTED, SORTTYPE, REQUIRED, DISPLAYABLE, SORT_ASC, WIDTH, VISIBLE, COLUMN_ORDER, DATA_TYPE_ID, OPERAND_TYPE, DISPLAY_FUNCTION, DISPLAY_PARAM, PAINTER_FUNCTION, TOOL_TIP_FUNCTION, EXTRA_FIELDS, EXTRA_FILTER_INFO, FILTERTYPE, FILTER_ENUM_TYPE, OPTION_KEY_PREFIX, FILTER_AUTO_COMPLETE_DISABLE) VALUES
(-952, -2001, N'alert.alertName', N'dashboardalert.alert.view.column.alertName', 1, 5, 1, 1, 1, 150, 1, 1, NULL, 0, NULL, NULL, NULL, NULL, NULL, NULL, 1, NULL, NULL, NULL);
INSERT INTO VOC_COLUMN(ID, VIEW_ID, FIELD, DISPLAY, SORTED, SORTTYPE, REQUIRED, DISPLAYABLE, SORT_ASC, WIDTH, VISIBLE, COLUMN_ORDER, DATA_TYPE_ID, OPERAND_TYPE, DISPLAY_FUNCTION, DISPLAY_PARAM, PAINTER_FUNCTION, TOOL_TIP_FUNCTION, EXTRA_FIELDS, EXTRA_FILTER_INFO, FILTERTYPE, FILTER_ENUM_TYPE, OPTION_KEY_PREFIX, FILTER_AUTO_COMPLETE_DISABLE) VALUES
(-951, -2001, N'id', NULL, 0, 0, 1, 0, 0, 0, 0, 100, NULL, NULL, NULL, NULL, NULL, NULL, NULL, NULL, 2, NULL, NULL, NULL);
INSERT INTO VOC_COLUMN(ID, VIEW_ID, FIELD, DISPLAY, SORTED, SORTTYPE, REQUIRED, DISPLAYABLE, SORT_ASC, WIDTH, VISIBLE, COLUMN_ORDER, DATA_TYPE_ID, OPERAND_TYPE, DISPLAY_FUNCTION, DISPLAY_PARAM, PAINTER_FUNCTION, TOOL_TIP_FUNCTION, EXTRA_FIELDS, EXTRA_FILTER_INFO, FILTERTYPE, FILTER_ENUM_TYPE, OPTION_KEY_PREFIX, FILTER_AUTO_COMPLETE_DISABLE) VALUES
(-910, -2000, N'dashboard.name', N'dashboardalert.alert.view.column.linkedDashboard', 0, 5, 1, 1, 1, 150, 1, 9, NULL, 0, NULL, NULL, NULL, NULL, NULL, NULL, 1, NULL, NULL, NULL);
INSERT INTO VOC_COLUMN(ID, VIEW_ID, FIELD, DISPLAY, SORTED, SORTTYPE, REQUIRED, DISPLAYABLE, SORT_ASC, WIDTH, VISIBLE, COLUMN_ORDER, DATA_TYPE_ID, OPERAND_TYPE, DISPLAY_FUNCTION, DISPLAY_PARAM, PAINTER_FUNCTION, TOOL_TIP_FUNCTION, EXTRA_FIELDS, EXTRA_FILTER_INFO, FILTERTYPE, FILTER_ENUM_TYPE, OPTION_KEY_PREFIX, FILTER_AUTO_COMPLETE_DISABLE) VALUES
(-909, -2000, N'alertStatus', N'dashboardalert.alert.view.column.alertStatus', 1, 3, 0, 1, 1, 150, 1, 8, NULL, 3, NULL, NULL, NULL, NULL, NULL, NULL, 2, NULL, NULL, NULL);
INSERT INTO VOC_COLUMN(ID, VIEW_ID, FIELD, DISPLAY, SORTED, SORTTYPE, REQUIRED, DISPLAYABLE, SORT_ASC, WIDTH, VISIBLE, COLUMN_ORDER, DATA_TYPE_ID, OPERAND_TYPE, DISPLAY_FUNCTION, DISPLAY_PARAM, PAINTER_FUNCTION, TOOL_TIP_FUNCTION, EXTRA_FIELDS, EXTRA_FILTER_INFO, FILTERTYPE, FILTER_ENUM_TYPE, OPTION_KEY_PREFIX, FILTER_AUTO_COMPLETE_DISABLE) VALUES
(-908, -2000, N'lastAlertEventTime', N'dashboardalert.alert.view.column.lastAlertEventTime', 0, 5, 0, 1, 1, 150, 1, 7, NULL, 2, N'formatTimeWithTimeZone', NULL, NULL, NULL, NULL, NULL, 1, NULL, NULL, NULL);
INSERT INTO VOC_COLUMN(ID, VIEW_ID, FIELD, DISPLAY, SORTED, SORTTYPE, REQUIRED, DISPLAYABLE, SORT_ASC, WIDTH, VISIBLE, COLUMN_ORDER, DATA_TYPE_ID, OPERAND_TYPE, DISPLAY_FUNCTION, DISPLAY_PARAM, PAINTER_FUNCTION, TOOL_TIP_FUNCTION, EXTRA_FIELDS, EXTRA_FILTER_INFO, FILTERTYPE, FILTER_ENUM_TYPE, OPTION_KEY_PREFIX, FILTER_AUTO_COMPLETE_DISABLE) VALUES
(-907, -2000, N'lastEvaluationTime', N'dashboardalert.alert.view.column.lastEvaluationTime', 0, 5, 0, 1, 1, 150, 0, 6, NULL, 2, N'formatTimeWithTimeZone', NULL, NULL, NULL, NULL, NULL, 1, NULL, NULL, NULL);
INSERT INTO VOC_COLUMN(ID, VIEW_ID, FIELD, DISPLAY, SORTED, SORTTYPE, REQUIRED, DISPLAYABLE, SORT_ASC, WIDTH, VISIBLE, COLUMN_ORDER, DATA_TYPE_ID, OPERAND_TYPE, DISPLAY_FUNCTION, DISPLAY_PARAM, PAINTER_FUNCTION, TOOL_TIP_FUNCTION, EXTRA_FIELDS, EXTRA_FILTER_INFO, FILTERTYPE, FILTER_ENUM_TYPE, OPTION_KEY_PREFIX, FILTER_AUTO_COMPLETE_DISABLE) VALUES
(-906, -2000, N'reNotificationFrequency.descriptiveText', N'dashboardalert.alert.view.column.frequency', 0, 5, 0, 1, 1, 150, 1, 5, NULL, 0, NULL, NULL, NULL, NULL, NULL, NULL, 2, NULL, NULL, NULL);
INSERT INTO VOC_COLUMN(ID, VIEW_ID, FIELD, DISPLAY, SORTED, SORTTYPE, REQUIRED, DISPLAYABLE, SORT_ASC, WIDTH, VISIBLE, COLUMN_ORDER, DATA_TYPE_ID, OPERAND_TYPE, DISPLAY_FUNCTION, DISPLAY_PARAM, PAINTER_FUNCTION, TOOL_TIP_FUNCTION, EXTRA_FIELDS, EXTRA_FILTER_INFO, FILTERTYPE, FILTER_ENUM_TYPE, OPTION_KEY_PREFIX, FILTER_AUTO_COMPLETE_DISABLE) VALUES
(-905, -2000, N'emailAddress', N'dashboardalert.alert.view.column.emailAddress', 0, 5, 1, 1, 1, 150, 1, 4, NULL, 0, NULL, NULL, NULL, NULL, NULL, NULL, 1, NULL, NULL, NULL);
INSERT INTO VOC_COLUMN(ID, VIEW_ID, FIELD, DISPLAY, SORTED, SORTTYPE, REQUIRED, DISPLAYABLE, SORT_ASC, WIDTH, VISIBLE, COLUMN_ORDER, DATA_TYPE_ID, OPERAND_TYPE, DISPLAY_FUNCTION, DISPLAY_PARAM, PAINTER_FUNCTION, TOOL_TIP_FUNCTION, EXTRA_FIELDS, EXTRA_FILTER_INFO, FILTERTYPE, FILTER_ENUM_TYPE, OPTION_KEY_PREFIX, FILTER_AUTO_COMPLETE_DISABLE) VALUES
(-904, -2000, N'alertNotificationPriority', N'dashboardalert.alert.view.column.alertNotificationPriority', 1, 3, 0, 1, 1, 150, 1, 3, NULL, 3, NULL, NULL, NULL, NULL, NULL, NULL, 2, NULL, NULL, NULL);
INSERT INTO VOC_COLUMN(ID, VIEW_ID, FIELD, DISPLAY, SORTED, SORTTYPE, REQUIRED, DISPLAYABLE, SORT_ASC, WIDTH, VISIBLE, COLUMN_ORDER, DATA_TYPE_ID, OPERAND_TYPE, DISPLAY_FUNCTION, DISPLAY_PARAM, PAINTER_FUNCTION, TOOL_TIP_FUNCTION, EXTRA_FIELDS, EXTRA_FILTER_INFO, FILTERTYPE, FILTER_ENUM_TYPE, OPTION_KEY_PREFIX, FILTER_AUTO_COMPLETE_DISABLE) VALUES
(-903, -2000, N'daInformation.daInformationDisplayName', N'dashboardalert.alert.view.column.dainformation.displayname', 0, 5, 1, 1, 1, 150, 1, 2, NULL, 0, NULL, NULL, NULL, NULL, NULL, NULL, 2, NULL, NULL, NULL);
INSERT INTO VOC_COLUMN(ID, VIEW_ID, FIELD, DISPLAY, SORTED, SORTTYPE, REQUIRED, DISPLAYABLE, SORT_ASC, WIDTH, VISIBLE, COLUMN_ORDER, DATA_TYPE_ID, OPERAND_TYPE, DISPLAY_FUNCTION, DISPLAY_PARAM, PAINTER_FUNCTION, TOOL_TIP_FUNCTION, EXTRA_FIELDS, EXTRA_FILTER_INFO, FILTERTYPE, FILTER_ENUM_TYPE, OPTION_KEY_PREFIX, FILTER_AUTO_COMPLETE_DISABLE) VALUES
(-902, -2000, N'alertName', N'dashboardalert.alert.view.column.alertName', 1, 5, 1, 1, 1, 150, 1, 1, NULL, 0, NULL, NULL, N'displayAlert', NULL, NULL, NULL, 1, NULL, NULL, NULL);
INSERT INTO VOC_COLUMN(ID, VIEW_ID, FIELD, DISPLAY, SORTED, SORTTYPE, REQUIRED, DISPLAYABLE, SORT_ASC, WIDTH, VISIBLE, COLUMN_ORDER, DATA_TYPE_ID, OPERAND_TYPE, DISPLAY_FUNCTION, DISPLAY_PARAM, PAINTER_FUNCTION, TOOL_TIP_FUNCTION, EXTRA_FIELDS, EXTRA_FILTER_INFO, FILTERTYPE, FILTER_ENUM_TYPE, OPTION_KEY_PREFIX, FILTER_AUTO_COMPLETE_DISABLE) VALUES
(-901, -2000, N'id', NULL, 0, 0, 1, 0, 0, 0, 0, 100, NULL, NULL, NULL, NULL, NULL, NULL, NULL, NULL, 2, NULL, NULL, NULL);


--
-- Deleting data from table VOC_FEATURE
--
DELETE FROM VOC_FEATURE WHERE ID = -1122;
DELETE FROM VOC_FEATURE WHERE ID = -1121;
DELETE FROM VOC_FEATURE WHERE ID = -1120;

--
-- Inserting data into table VOC_FEATURE
--
INSERT INTO VOC_FEATURE(ID, NAME, DESCRIPTION, READ_ONLY, GROUP_ID) VALUES
(-1086, N'feature.selection.route.change.departureDate', NULL, 0, -1001);
INSERT INTO VOC_FEATURE(ID, NAME, DESCRIPTION, READ_ONLY, GROUP_ID) VALUES
(-47, N'feature.dnaAdmin.chart.preview', NULL, 1, -4);
INSERT INTO VOC_FEATURE(ID, NAME, DESCRIPTION, READ_ONLY, GROUP_ID) VALUES
(-46, N'feature.dnaAdmin.dashboard.detail.delete', NULL, 0, -4);
INSERT INTO VOC_FEATURE(ID, NAME, DESCRIPTION, READ_ONLY, GROUP_ID) VALUES
(-45, N'feature.dnaAdmin.dashboard.delete', NULL, 0, -4);
INSERT INTO VOC_FEATURE(ID, NAME, DESCRIPTION, READ_ONLY, GROUP_ID) VALUES
(-44, N'feature.dnaAdmin.dashboard.edit', NULL, 0, -4);
INSERT INTO VOC_FEATURE(ID, NAME, DESCRIPTION, READ_ONLY, GROUP_ID) VALUES
(-43, N'feature.dnaAdmin.dashboard.addDrillDownChart', NULL, 0, -4);
INSERT INTO VOC_FEATURE(ID, NAME, DESCRIPTION, READ_ONLY, GROUP_ID) VALUES
(-42, N'feature.dnaAdmin.dashboard.myDashboard', NULL, 1, -4);
INSERT INTO VOC_FEATURE(ID, NAME, DESCRIPTION, READ_ONLY, GROUP_ID) VALUES
(-41, N'feature.dnaAdmin.dashboard.setAsDefault', NULL, 0, -4);
INSERT INTO VOC_FEATURE(ID, NAME, DESCRIPTION, READ_ONLY, GROUP_ID) VALUES
(-40, N'feature.dnaAdmin.dashboard.addChart', NULL, 0, -4);
INSERT INTO VOC_FEATURE(ID, NAME, DESCRIPTION, READ_ONLY, GROUP_ID) VALUES
(-39, N'feature.dnaAdmin.dashboard.create', NULL, 0, -4);
INSERT INTO VOC_FEATURE(ID, NAME, DESCRIPTION, READ_ONLY, GROUP_ID) VALUES
(-38, N'feature.dnaAdmin.dashboard.view', NULL, 1, -4);
INSERT INTO VOC_FEATURE(ID, NAME, DESCRIPTION, READ_ONLY, GROUP_ID) VALUES
(-37, N'feature.dnaAdmin.chart.delete', NULL, 0, -4);
INSERT INTO VOC_FEATURE(ID, NAME, DESCRIPTION, READ_ONLY, GROUP_ID) VALUES
(-36, N'feature.dnaAdmin.chart.edit', NULL, 0, -4);
INSERT INTO VOC_FEATURE(ID, NAME, DESCRIPTION, READ_ONLY, GROUP_ID) VALUES
(-35, N'feature.dnaAdmin.chart.create', NULL, 0, -4);
INSERT INTO VOC_FEATURE(ID, NAME, DESCRIPTION, READ_ONLY, GROUP_ID) VALUES
(-34, N'feature.dnaAdmin.chart.view', NULL, 1, -4);
INSERT INTO VOC_FEATURE(ID, NAME, DESCRIPTION, READ_ONLY, GROUP_ID) VALUES
(-33, N'feature.dnaAdmin.alert.delete', NULL, 0, -4);
INSERT INTO VOC_FEATURE(ID, NAME, DESCRIPTION, READ_ONLY, GROUP_ID) VALUES
(-32, N'feature.dnaAdmin.alert.edit', NULL, 0, -4);
INSERT INTO VOC_FEATURE(ID, NAME, DESCRIPTION, READ_ONLY, GROUP_ID) VALUES
(-31, N'feature.dnaAdmin.alert.view', NULL, 1, -4);
INSERT INTO VOC_FEATURE(ID, NAME, DESCRIPTION, READ_ONLY, GROUP_ID) VALUES
(-30, N'feature.dnaAdmin.alert.create', NULL, 0, -4);

--
-- Inserting data into table VOC_FEATURE_GROUP
--
INSERT INTO VOC_FEATURE_GROUP(ID, NAME, DESCRIPTION) VALUES
(-4, N'featureGroup.dnaAdmin.name', N'featureGroup.dashboardNAlerts.description');

--
-- Deleting data from table VOC_ROLE_TO_FEATURE
--
DELETE FROM VOC_ROLE_TO_FEATURE WHERE FEATURE_ID = -1122;
DELETE FROM VOC_ROLE_TO_FEATURE WHERE FEATURE_ID = -1121;
DELETE FROM VOC_ROLE_TO_FEATURE WHERE FEATURE_ID = -1120;

--
-- Inserting data into table VOC_ROLE_TO_FEATURE
--
INSERT INTO VOC_ROLE_TO_FEATURE(ROLE_ID, FEATURE_ID) VALUES
(-3, -47);
INSERT INTO VOC_ROLE_TO_FEATURE(ROLE_ID, FEATURE_ID) VALUES
(-3, -42);
INSERT INTO VOC_ROLE_TO_FEATURE(ROLE_ID, FEATURE_ID) VALUES
(-3, -38);
INSERT INTO VOC_ROLE_TO_FEATURE(ROLE_ID, FEATURE_ID) VALUES
(-3, -34);
INSERT INTO VOC_ROLE_TO_FEATURE(ROLE_ID, FEATURE_ID) VALUES
(-3, -31);

--
-- Inserting data into table VOC_SYSTEM_PROPERTIES
--
INSERT INTO VOC_SYSTEM_PROPERTIES(SYSTEMPROPERTYID, NAME, VALUE) VALUES
(-1200, N'RegionInterval_Configuration', N'2,4,6,8,10');

--
-- Deleting data from table VOC_VIEW
--
DELETE FROM VOC_VIEW WHERE ID = -1206;

--
-- Inserting data into table VOC_VIEW
--
INSERT INTO VOC_VIEW(ID, NAME, CLASS_NAME, DATABEANNAME, DATAMETHODNAME) VALUES
(-2004, N'dashboardDetails', N'com.vocollect.epp.dashboard.model.DashboardDetail', NULL, NULL);
INSERT INTO VOC_VIEW(ID, NAME, CLASS_NAME, DATABEANNAME, DATAMETHODNAME) VALUES
(-2003, N'dashboards', N'com.vocollect.epp.dashboard.model.Dashboard', NULL, NULL);
INSERT INTO VOC_VIEW(ID, NAME, CLASS_NAME, DATABEANNAME, DATAMETHODNAME) VALUES
(-2002, N'charts', N'com.vocollect.epp.chart.model.Chart', NULL, NULL);
INSERT INTO VOC_VIEW(ID, NAME, CLASS_NAME, DATABEANNAME, DATAMETHODNAME) VALUES
(-2001, N'alertCriteia', N'com.vocollect.epp.alert.model.AlertCriteria', NULL, NULL);
INSERT INTO VOC_VIEW(ID, NAME, CLASS_NAME, DATABEANNAME, DATAMETHODNAME) VALUES
(-2000, N'alerts', N'com.vocollect.epp.alert.model.Alert', NULL, NULL);
INSERT INTO VOC_VIEW(ID, NAME, CLASS_NAME, DATABEANNAME, DATAMETHODNAME) VALUES
(-1250, N'shift', N'com.vocollect.voicelink.core.model.Shift', NULL, NULL);

--
-- Enable constraints for VOC_COLUMN
--
ALTER TABLE VOC_COLUMN ENABLE CONSTRAINT FK6049706B16D0F6D2;
ALTER TABLE VOC_COLUMN ENABLE CONSTRAINT FK6049706B971DA1E7;

--
-- Enable constraints for VOC_FEATURE
--
ALTER TABLE VOC_FEATURE ENABLE CONSTRAINT FK35EB80819FA773C;

--
-- Enable constraints for VOC_ROLE_TO_FEATURE
--
ALTER TABLE VOC_ROLE_TO_FEATURE ENABLE CONSTRAINT FK17DCDF26241ED7C2;
ALTER TABLE VOC_ROLE_TO_FEATURE ENABLE CONSTRAINT FK17DCDF264DCDD932;

-- Update module versions
-- To update the version, change the SET @vlVersion... line below
-- This needs to be done every time there is a new application added to VoiceLink
-- This needs to be the LAST thing that happens in this script.
DECLARE 
vlVersion VARCHAR2(32);
vipVersion VARCHAR2(32);
newId NUMBER(19,0);
oldId NUMBER(19,0);
BEGIN 
vlVersion := '4.3';
vipVersion := '2.2';

SELECT moduleId INTO oldId FROM voc_plugin_modules WHERE name = 'plugin.module.voicelink' AND isEnabled = 1;
UPDATE voc_plugin_modules SET isEnabled = 0 WHERE name = 'plugin.module.voicelink';

INSERT INTO voc_plugin_modules (moduleId, name, moduleVersion, frameworkVersion, sequenceNumber, uri, navMenuName, isEnabled, createdDate) 
VALUES (oldId + 1, 'plugin.module.voicelink', vlVersion, vipVersion, 101, '/selection/home.action', 'voicelink', 1, SYSDATE);
SELECT moduleId INTO newId FROM voc_plugin_modules WHERE name = 'plugin.module.voicelink' AND isEnabled = 1;

UPDATE voc_plugin_components set moduleId = newId where moduleId = oldId;
UPDATE voc_plugin_modules_auth set moduleId = newId where moduleId = oldId;
UPDATE voc_plugin_modules SET moduleVersion = vipVersion WHERE moduleId = 1;
UPDATE voc_plugin_modules SET frameworkVersion = vipVersion WHERE moduleId = 1;
UPDATE voc_plugin_modules SET moduleVersion = vipVersion WHERE moduleId = 2;
UPDATE voc_plugin_modules SET frameworkVersion = vipVersion WHERE moduleId = 2;

END;