--This script was generated by Oracle SQLDeveloper
--VL311 to VL40

alter table ARCH_PTS_LICENSE_LABOR drop constraint FK_ARCHPTSLIC_ARCHPTSLICLABORS;
  ALTER TABLE "ARCH_PTS_LICENSE_LABOR" ADD CONSTRAINT "FK_ARCHPTSLIC_ARCHPTSLICLABORS" FOREIGN KEY ("LICENSEID")
	  REFERENCES "ARCH_PTS_LICENSES" ("LICENSEID") ON DELETE CASCADE ENABLE;
 


alter table ARCH_PTS_PUTS drop constraint FK_ARCH_PTSLIC_ARCH_PUTS;
  ALTER TABLE "ARCH_PTS_PUTS" ADD CONSTRAINT "FK_ARCH_PTSLIC_ARCH_PUTS" FOREIGN KEY ("LICENSEID")
	  REFERENCES "ARCH_PTS_LICENSES" ("LICENSEID") ON DELETE CASCADE ENABLE;
 


alter table ARCH_PTS_PUT_DETAILS drop constraint FK_ARCHIVE_PUT_PUTDETAILS;
  ALTER TABLE "ARCH_PTS_PUT_DETAILS" ADD CONSTRAINT "FK_ARCHIVE_PUT_PUTDETAILS" FOREIGN KEY ("PUTID")
	  REFERENCES "ARCH_PTS_PUTS" ("PUTID") ON DELETE CASCADE ENABLE;
 




alter table ARCH_SEL_ASSIGNMENT_LABOR drop constraint FK_ARCHASSIGN_ASSIGNLABORS;
  ALTER TABLE "ARCH_SEL_ASSIGNMENT_LABOR" ADD CONSTRAINT "FK_ARCHASSIGN_ASSIGNLABORS" FOREIGN KEY ("ASSIGNMENTID")
	  REFERENCES "ARCH_SEL_ASSIGNMENTS" ("ASSIGNMENTID") ON DELETE CASCADE ENABLE;
 


alter table ARCH_SEL_CONTAINERS drop constraint FK_ARCH_ASSIGNMENT_ARCH_CONT;
  ALTER TABLE "ARCH_SEL_CONTAINERS" ADD CONSTRAINT "FK_ARCH_ASSIGNMENT_ARCH_CONT" FOREIGN KEY ("ASSIGNMENTID")
	  REFERENCES "ARCH_SEL_ASSIGNMENTS" ("ASSIGNMENTID") ON DELETE CASCADE ENABLE;
 


alter table ARCH_SEL_PICKS drop constraint FK_ARCH_ASSIGNMENT_ARCH_PICKS;
  ALTER TABLE "ARCH_SEL_PICKS" ADD CONSTRAINT "FK_ARCH_ASSIGNMENT_ARCH_PICKS" FOREIGN KEY ("ASSIGNMENTID")
	  REFERENCES "ARCH_SEL_ASSIGNMENTS" ("ASSIGNMENTID") ON DELETE CASCADE ENABLE;
 


alter table ARCH_SEL_PICK_DETAILS drop constraint FK_ARCHPICK_ARCHPICKDETAILS;
  ALTER TABLE "ARCH_SEL_PICK_DETAILS" ADD CONSTRAINT "FK_ARCHPICK_ARCHPICKDETAILS" FOREIGN KEY ("PICKID")
	  REFERENCES "ARCH_SEL_PICKS" ("PICKID") ON DELETE CASCADE ENABLE;
 
alter table ARCH_SEL_PICK_DETAILS drop constraint FK_ARCHCONTNR_ARCHPICKDTLS;
  ALTER TABLE "ARCH_SEL_PICK_DETAILS" ADD CONSTRAINT "FK_ARCHCONTNR_ARCHPICKDTLS" FOREIGN KEY ("PICKCONTAINERID")
	  REFERENCES "ARCH_SEL_CONTAINERS" ("CONTAINERID") ENABLE;
 


alter table CORE_BREAKTYPE_TAG drop constraint FK8F877A743EF30942;
  ALTER TABLE "CORE_BREAKTYPE_TAG" ADD CONSTRAINT "FK8F877A743EF30942" FOREIGN KEY ("TAG_ID")
	  REFERENCES "VOC_TAG" ("ID") ENABLE;
 
alter table CORE_BREAKTYPE_TAG drop constraint FK8F877A74D1BD43F;
  ALTER TABLE "CORE_BREAKTYPE_TAG" ADD CONSTRAINT "FK8F877A74D1BD43F" FOREIGN KEY ("TAGGED_ID")
	  REFERENCES "CORE_BREAK_TYPES" ("BREAKTYPEID") ENABLE;
 




alter table CORE_DEVICES drop constraint FK_OPERATOR_DEVICES;
  ALTER TABLE "CORE_DEVICES" ADD CONSTRAINT "FK_OPERATOR_DEVICES" FOREIGN KEY ("OPERATORID")
	  REFERENCES "CORE_OPERATORS" ("OPERATORID") ENABLE;
 
alter table CORE_DEVICES drop constraint FK_DEVICECOMMON_DEVICE;
  ALTER TABLE "CORE_DEVICES" ADD CONSTRAINT "FK_DEVICECOMMON_DEVICE" FOREIGN KEY ("DEVICEID")
	  REFERENCES "VOC_DEVICE" ("ID") ENABLE;
 






alter table CORE_ITEM_TAG drop constraint FK8D1D4D0E3EF30942;
  ALTER TABLE "CORE_ITEM_TAG" ADD CONSTRAINT "FK8D1D4D0E3EF30942" FOREIGN KEY ("TAG_ID")
	  REFERENCES "VOC_TAG" ("ID") ENABLE;
 
alter table CORE_ITEM_TAG drop constraint FK8D1D4D0EC2569E49;
  ALTER TABLE "CORE_ITEM_TAG" ADD CONSTRAINT "FK8D1D4D0EC2569E49" FOREIGN KEY ("TAGGED_ID")
	  REFERENCES "CORE_ITEMS" ("ITEMID") ENABLE;
 






alter table CORE_LOCATION_ITEMS drop constraint FK_LOCATIONITEM_ITEM;
  ALTER TABLE "CORE_LOCATION_ITEMS" ADD CONSTRAINT "FK_LOCATIONITEM_ITEM" FOREIGN KEY ("ITEMID")
	  REFERENCES "CORE_ITEMS" ("ITEMID") ON DELETE CASCADE ENABLE;
 
alter table CORE_LOCATION_ITEMS drop constraint FK_LOCATIONITEM_LOCATION;
  ALTER TABLE "CORE_LOCATION_ITEMS" ADD CONSTRAINT "FK_LOCATIONITEM_LOCATION" FOREIGN KEY ("LOCATIONID")
	  REFERENCES "CORE_LOCATIONS" ("LOCATIONID") ON DELETE CASCADE ENABLE;
 




alter table CORE_LOCATION_ITEM_TAG drop constraint FKF0D0A5186F29E79E;
  ALTER TABLE "CORE_LOCATION_ITEM_TAG" ADD CONSTRAINT "FKF0D0A5186F29E79E" FOREIGN KEY ("TAGGED_ID")
	  REFERENCES "CORE_LOCATION_ITEMS" ("MAPID") ENABLE;
 
alter table CORE_LOCATION_ITEM_TAG drop constraint FKF0D0A5183EF30942;
  ALTER TABLE "CORE_LOCATION_ITEM_TAG" ADD CONSTRAINT "FKF0D0A5183EF30942" FOREIGN KEY ("TAG_ID")
	  REFERENCES "VOC_TAG" ("ID") ENABLE;
 


alter table CORE_LOCATION_TAG drop constraint FK9F5100B03EF30942;
  ALTER TABLE "CORE_LOCATION_TAG" ADD CONSTRAINT "FK9F5100B03EF30942" FOREIGN KEY ("TAG_ID")
	  REFERENCES "VOC_TAG" ("ID") ENABLE;
 
alter table CORE_LOCATION_TAG drop constraint FK9F5100B076494EEB;
  ALTER TABLE "CORE_LOCATION_TAG" ADD CONSTRAINT "FK9F5100B076494EEB" FOREIGN KEY ("TAGGED_ID")
	  REFERENCES "CORE_LOCATIONS" ("LOCATIONID") ENABLE;
 


alter table CORE_LOTS drop constraint FK_ITEM_LOT;
  ALTER TABLE "CORE_LOTS" ADD CONSTRAINT "FK_ITEM_LOT" FOREIGN KEY ("ITEMID")
	  REFERENCES "CORE_ITEMS" ("ITEMID") ON DELETE CASCADE ENABLE;
 
alter table CORE_LOTS drop constraint FK_LOCATION_LOT;
  ALTER TABLE "CORE_LOTS" ADD CONSTRAINT "FK_LOCATION_LOT" FOREIGN KEY ("LOCATIONID")
	  REFERENCES "CORE_LOCATIONS" ("LOCATIONID") ON DELETE CASCADE ENABLE;
 




alter table CORE_LOT_TAG drop constraint FK723AC90C38B884B7;
  ALTER TABLE "CORE_LOT_TAG" ADD CONSTRAINT "FK723AC90C38B884B7" FOREIGN KEY ("TAGGED_ID")
	  REFERENCES "CORE_LOTS" ("LOTID") ENABLE;
 
alter table CORE_LOT_TAG drop constraint FK723AC90C3EF30942;
  ALTER TABLE "CORE_LOT_TAG" ADD CONSTRAINT "FK723AC90C3EF30942" FOREIGN KEY ("TAG_ID")
	  REFERENCES "VOC_TAG" ("ID") ENABLE;
 


alter table CORE_OPERATORS drop constraint FK_ASSIGNEDREGION_OPERATORS;
  ALTER TABLE "CORE_OPERATORS" ADD CONSTRAINT "FK_ASSIGNEDREGION_OPERATORS" FOREIGN KEY ("ASSIGNEDREGIONID")
	  REFERENCES "CORE_REGIONS" ("REGIONID") ENABLE;
 
alter table CORE_OPERATORS drop constraint FK_WORKGROUP_OPERATORS;
  ALTER TABLE "CORE_OPERATORS" ADD CONSTRAINT "FK_WORKGROUP_OPERATORS" FOREIGN KEY ("WORKGROUPID")
	  REFERENCES "CORE_WORK_GROUPS" ("WORKGROUPID") ENABLE;
 
alter table CORE_OPERATORS drop constraint FK_CURRENTREGION_OPERATORS;
  ALTER TABLE "CORE_OPERATORS" ADD CONSTRAINT "FK_CURRENTREGION_OPERATORS" FOREIGN KEY ("CURRENTREGIONID")
	  REFERENCES "CORE_REGIONS" ("REGIONID") ENABLE;
 
alter table CORE_OPERATORS drop constraint FK_TASKFUNCTION_OPERATORS;
  ALTER TABLE "CORE_OPERATORS" ADD CONSTRAINT "FK_TASKFUNCTION_OPERATORS" FOREIGN KEY ("TASKFUNCTIONID")
	  REFERENCES "CORE_TASK_FUNCTIONS" ("TASKFUNCTIONID") ENABLE;
 
alter table CORE_OPERATORS drop constraint FK_OPERATORCOMMON_VLOPERATOR;
  ALTER TABLE "CORE_OPERATORS" ADD CONSTRAINT "FK_OPERATORCOMMON_VLOPERATOR" FOREIGN KEY ("OPERATORID")
	  REFERENCES "VOC_OPERATORS" ("OPERATORID") ENABLE;
 
alter table CORE_OPERATORS drop constraint FK_LASTLOCATION_OPERATORS;
  ALTER TABLE "CORE_OPERATORS" ADD CONSTRAINT "FK_LASTLOCATION_OPERATORS" FOREIGN KEY ("LASTLOCATIONID")
	  REFERENCES "CORE_LOCATIONS" ("LOCATIONID") ENABLE;
 
 --------------------------------------------------------
--  DDL for Table CORE_OPERATOR_TEAMS
--------------------------------------------------------

  CREATE TABLE "CORE_OPERATOR_TEAMS" 
   (	"OPERATORTEAMID" NUMBER(19,0), 
	"VERSION" NUMBER(10,0), 
	"NAME" NVARCHAR2(50)
   ) ;
 

--------------------------------------------------------
--  Constraints for Table CORE_OPERATOR_TEAMS
--------------------------------------------------------

  ALTER TABLE "CORE_OPERATOR_TEAMS" MODIFY ("OPERATORTEAMID" NOT NULL ENABLE);
 
  ALTER TABLE "CORE_OPERATOR_TEAMS" MODIFY ("VERSION" NOT NULL ENABLE);
 
  ALTER TABLE "CORE_OPERATOR_TEAMS" MODIFY ("NAME" NOT NULL ENABLE);
 
  ALTER TABLE "CORE_OPERATOR_TEAMS" ADD PRIMARY KEY ("OPERATORTEAMID") ENABLE;
 

--------------------------------------------------------
--  DDL for Table CORE_OPERATORS_OPERATORTEAMS
--------------------------------------------------------

  CREATE TABLE "CORE_OPERATORS_OPERATORTEAMS" 
   (	"OPERATORID" NUMBER(19,0), 
	"OPERATORTEAMID" NUMBER(19,0)
   ) ;
 

--------------------------------------------------------
--  Constraints for Table CORE_OPERATORS_OPERATORTEAMS
--------------------------------------------------------

  ALTER TABLE "CORE_OPERATORS_OPERATORTEAMS" MODIFY ("OPERATORID" NOT NULL ENABLE);
 
  ALTER TABLE "CORE_OPERATORS_OPERATORTEAMS" MODIFY ("OPERATORTEAMID" NOT NULL ENABLE);
 
  ALTER TABLE "CORE_OPERATORS_OPERATORTEAMS" ADD PRIMARY KEY ("OPERATORTEAMID", "OPERATORID") ENABLE;
 

--------------------------------------------------------
--  Ref Constraints for Table CORE_OPERATORS_OPERATORTEAMS
--------------------------------------------------------

  ALTER TABLE "CORE_OPERATORS_OPERATORTEAMS" ADD CONSTRAINT "FK_OPERATORS_OPERATORTEAMS" FOREIGN KEY ("OPERATORTEAMID")
	  REFERENCES "CORE_OPERATOR_TEAMS" ("OPERATORTEAMID") ENABLE;
 
  ALTER TABLE "CORE_OPERATORS_OPERATORTEAMS" ADD CONSTRAINT "FK_OPERATORTEAMS_OPERATORS" FOREIGN KEY ("OPERATORID")
	  REFERENCES "CORE_OPERATORS" ("OPERATORID") ENABLE;
 

--------------------------------------------------------
--  DDL for Table CORE_OPERATORTEAM_TAG
--------------------------------------------------------

  CREATE TABLE "CORE_OPERATORTEAM_TAG" 
   (	"TAGGED_ID" NUMBER(19,0), 
	"TAG_ID" NUMBER(19,0)
   ) ;
 

--------------------------------------------------------
--  Constraints for Table CORE_OPERATORTEAM_TAG
--------------------------------------------------------

  ALTER TABLE "CORE_OPERATORTEAM_TAG" MODIFY ("TAGGED_ID" NOT NULL ENABLE);
 
  ALTER TABLE "CORE_OPERATORTEAM_TAG" MODIFY ("TAG_ID" NOT NULL ENABLE);
 
  ALTER TABLE "CORE_OPERATORTEAM_TAG" ADD PRIMARY KEY ("TAGGED_ID", "TAG_ID") ENABLE;
 

--------------------------------------------------------
--  Ref Constraints for Table CORE_OPERATORTEAM_TAG
--------------------------------------------------------

  ALTER TABLE "CORE_OPERATORTEAM_TAG" ADD CONSTRAINT "FKC68E681C3EF30942" FOREIGN KEY ("TAG_ID")
	  REFERENCES "VOC_TAG" ("ID") ENABLE;
 
  ALTER TABLE "CORE_OPERATORTEAM_TAG" ADD CONSTRAINT "FKC68E681C6CAD2857" FOREIGN KEY ("TAGGED_ID")
	  REFERENCES "CORE_OPERATOR_TEAMS" ("OPERATORTEAMID") ENABLE;
 





alter table CORE_OPERATOR_LABOR drop constraint FK_OPERLABOR_OPERLABORS;
  ALTER TABLE "CORE_OPERATOR_LABOR" ADD CONSTRAINT "FK_OPERLABOR_OPERLABORS" FOREIGN KEY ("PREVIOUSOPERATORLABORID")
	  REFERENCES "CORE_OPERATOR_LABOR" ("OPERATORLABORID") ENABLE;
 
alter table CORE_OPERATOR_LABOR drop constraint FK_REGION_OPERATORLABORS;
  ALTER TABLE "CORE_OPERATOR_LABOR" ADD CONSTRAINT "FK_REGION_OPERATORLABORS" FOREIGN KEY ("REGIONID")
	  REFERENCES "CORE_REGIONS" ("REGIONID") ENABLE;
 
alter table CORE_OPERATOR_LABOR drop constraint FK_BREAKTYPE_OPERLABORS;
  ALTER TABLE "CORE_OPERATOR_LABOR" ADD CONSTRAINT "FK_BREAKTYPE_OPERLABORS" FOREIGN KEY ("BREAKID")
	  REFERENCES "CORE_BREAK_TYPES" ("BREAKTYPEID") ENABLE;
 
alter table CORE_OPERATOR_LABOR drop constraint FK_OPERATOR_OPERLABORS;
  ALTER TABLE "CORE_OPERATOR_LABOR" ADD CONSTRAINT "FK_OPERATOR_OPERLABORS" FOREIGN KEY ("OPERATORID")
	  REFERENCES "CORE_OPERATORS" ("OPERATORID") ENABLE;
 


alter table CORE_OPERATOR_LABOR_TAG drop constraint FKBEE7D9D03EF30942;
  ALTER TABLE "CORE_OPERATOR_LABOR_TAG" ADD CONSTRAINT "FKBEE7D9D03EF30942" FOREIGN KEY ("TAG_ID")
	  REFERENCES "VOC_TAG" ("ID") ENABLE;
 
alter table CORE_OPERATOR_LABOR_TAG drop constraint FKBEE7D9D0C853152;
  ALTER TABLE "CORE_OPERATOR_LABOR_TAG" ADD CONSTRAINT "FKBEE7D9D0C853152" FOREIGN KEY ("TAGGED_ID")
	  REFERENCES "CORE_OPERATOR_LABOR" ("OPERATORLABORID") ENABLE;
 


alter table CORE_OPERATOR_REGIONS drop constraint FKF36FA8045DEEFBCB;
  ALTER TABLE "CORE_OPERATOR_REGIONS" ADD CONSTRAINT "FKF36FA8045DEEFBCB" FOREIGN KEY ("OPERATORID")
	  REFERENCES "CORE_OPERATORS" ("OPERATORID") ENABLE;
 
alter table CORE_OPERATOR_REGIONS drop constraint FK_REGIONS_OPERATORS;
  ALTER TABLE "CORE_OPERATOR_REGIONS" ADD CONSTRAINT "FK_REGIONS_OPERATORS" FOREIGN KEY ("REGIONID")
	  REFERENCES "CORE_REGIONS" ("REGIONID") ENABLE;
 




alter table CORE_PRINTER_TAG drop constraint FKC5A2B155305E9D80;
  ALTER TABLE "CORE_PRINTER_TAG" ADD CONSTRAINT "FKC5A2B155305E9D80" FOREIGN KEY ("TAGGED_ID")
	  REFERENCES "CORE_PRINTERS" ("PRINTERID") ENABLE;
 
alter table CORE_PRINTER_TAG drop constraint FKC5A2B1553EF30942;
  ALTER TABLE "CORE_PRINTER_TAG" ADD CONSTRAINT "FKC5A2B1553EF30942" FOREIGN KEY ("TAG_ID")
	  REFERENCES "VOC_TAG" ("ID") ENABLE;
 




alter table CORE_REASON_CODES_TAG drop constraint FKB6A508663EF30942;
  ALTER TABLE "CORE_REASON_CODES_TAG" ADD CONSTRAINT "FKB6A508663EF30942" FOREIGN KEY ("TAG_ID")
	  REFERENCES "VOC_TAG" ("ID") ENABLE;
 
alter table CORE_REASON_CODES_TAG drop constraint FKB6A508665850A787;
  ALTER TABLE "CORE_REASON_CODES_TAG" ADD CONSTRAINT "FKB6A508665850A787" FOREIGN KEY ("TAGGED_ID")
	  REFERENCES "CORE_REASON_CODES" ("REASONCODEID") ENABLE;
 




alter table CORE_REGION_TAG drop constraint FKB8B2786F15AC502A;
  ALTER TABLE "CORE_REGION_TAG" ADD CONSTRAINT "FKB8B2786F15AC502A" FOREIGN KEY ("TAGGED_ID")
	  REFERENCES "CORE_REGIONS" ("REGIONID") ENABLE;
 
alter table CORE_REGION_TAG drop constraint FKB8B2786F3EF30942;
  ALTER TABLE "CORE_REGION_TAG" ADD CONSTRAINT "FKB8B2786F3EF30942" FOREIGN KEY ("TAG_ID")
	  REFERENCES "VOC_TAG" ("ID") ENABLE;
 




alter table CORE_WORKGROUP_TAG drop constraint FKFAFE69493EF30942;
  ALTER TABLE "CORE_WORKGROUP_TAG" ADD CONSTRAINT "FKFAFE69493EF30942" FOREIGN KEY ("TAG_ID")
	  REFERENCES "VOC_TAG" ("ID") ENABLE;
 
alter table CORE_WORKGROUP_TAG drop constraint FKFAFE6949BFAC0174;
  ALTER TABLE "CORE_WORKGROUP_TAG" ADD CONSTRAINT "FKFAFE6949BFAC0174" FOREIGN KEY ("TAGGED_ID")
	  REFERENCES "CORE_WORK_GROUPS" ("WORKGROUPID") ENABLE;
 




alter table CORE_WORK_GROUP_FUNCTIONS drop constraint FK_WG_WGFUNCTIONS;
  ALTER TABLE "CORE_WORK_GROUP_FUNCTIONS" ADD CONSTRAINT "FK_WG_WGFUNCTIONS" FOREIGN KEY ("WORKGROUPID")
	  REFERENCES "CORE_WORK_GROUPS" ("WORKGROUPID") ENABLE;
 
alter table CORE_WORK_GROUP_FUNCTIONS drop constraint FK_TFUNCTIONS_WGFUNCTIONS;
  ALTER TABLE "CORE_WORK_GROUP_FUNCTIONS" ADD CONSTRAINT "FK_TFUNCTIONS_WGFUNCTIONS" FOREIGN KEY ("TASKFUNCTIONID")
	  REFERENCES "CORE_TASK_FUNCTIONS" ("TASKFUNCTIONID") ENABLE;
 


alter table CORE_WORK_GROUP_FUNC_REGIONS drop constraint FK_WORKGROUPFUNCS_REGIONS;
  ALTER TABLE "CORE_WORK_GROUP_FUNC_REGIONS" ADD CONSTRAINT "FK_WORKGROUPFUNCS_REGIONS" FOREIGN KEY ("WORKGROUPFUNCTIONID")
	  REFERENCES "CORE_WORK_GROUP_FUNCTIONS" ("WORKGROUPFUNCTIONID") ENABLE;
 
alter table CORE_WORK_GROUP_FUNC_REGIONS drop constraint FK_REGIONS_WORKGROUPFUNCS;
  ALTER TABLE "CORE_WORK_GROUP_FUNC_REGIONS" ADD CONSTRAINT "FK_REGIONS_WORKGROUPFUNCS" FOREIGN KEY ("REGIONID")
	  REFERENCES "CORE_REGIONS" ("REGIONID") ENABLE;
 




alter table LINELOAD_CARTONS drop constraint FK_PALLET_CARTON;
  ALTER TABLE "LINELOAD_CARTONS" ADD CONSTRAINT "FK_PALLET_CARTON" FOREIGN KEY ("PALLETID")
	  REFERENCES "LINELOAD_PALLETS" ("PALLETID") ENABLE;
 
alter table LINELOAD_CARTONS drop constraint FK_OPERATOR_CARTONS;
  ALTER TABLE "LINELOAD_CARTONS" ADD CONSTRAINT "FK_OPERATOR_CARTONS" FOREIGN KEY ("OPERATORID")
	  REFERENCES "CORE_OPERATORS" ("OPERATORID") ENABLE;
 
alter table LINELOAD_CARTONS drop constraint FK_ROUTESTOP_CARTONS;
  ALTER TABLE "LINELOAD_CARTONS" ADD CONSTRAINT "FK_ROUTESTOP_CARTONS" FOREIGN KEY ("ROUTESTOPID")
	  REFERENCES "LINELOAD_ROUTE_STOPS" ("ROUTESTOPID") ENABLE;
 


alter table LINELOAD_CARTON_DETAILS drop constraint FK_CARTON_CARTONDETAIL;
  ALTER TABLE "LINELOAD_CARTON_DETAILS" ADD CONSTRAINT "FK_CARTON_CARTONDETAIL" FOREIGN KEY ("CARTONID")
	  REFERENCES "LINELOAD_CARTONS" ("CARTONID") ENABLE;
 
alter table LINELOAD_CARTON_DETAILS drop constraint FK_OPERATOR_CARTONDETAIL;
  ALTER TABLE "LINELOAD_CARTON_DETAILS" ADD CONSTRAINT "FK_OPERATOR_CARTONDETAIL" FOREIGN KEY ("OPERATORID")
	  REFERENCES "CORE_OPERATORS" ("OPERATORID") ENABLE;
 
alter table LINELOAD_CARTON_DETAILS drop constraint FK_PALLET_CARTONDETAIL;
  ALTER TABLE "LINELOAD_CARTON_DETAILS" ADD CONSTRAINT "FK_PALLET_CARTONDETAIL" FOREIGN KEY ("PALLETID")
	  REFERENCES "LINELOAD_PALLETS" ("PALLETID") ENABLE;
 


alter table LINELOAD_CARTON_DETAIL_TAG drop constraint FK93EA47C73EF30942;
  ALTER TABLE "LINELOAD_CARTON_DETAIL_TAG" ADD CONSTRAINT "FK93EA47C73EF30942" FOREIGN KEY ("TAG_ID")
	  REFERENCES "VOC_TAG" ("ID") ENABLE;
 
alter table LINELOAD_CARTON_DETAIL_TAG drop constraint FK93EA47C736817F35;
  ALTER TABLE "LINELOAD_CARTON_DETAIL_TAG" ADD CONSTRAINT "FK93EA47C736817F35" FOREIGN KEY ("TAGGED_ID")
	  REFERENCES "LINELOAD_CARTON_DETAILS" ("CARTONDETAILID") ENABLE;
 




alter table LINELOAD_CARTON_TAG drop constraint FK297726DF7DC0AB44;
  ALTER TABLE "LINELOAD_CARTON_TAG" ADD CONSTRAINT "FK297726DF7DC0AB44" FOREIGN KEY ("TAGGED_ID")
	  REFERENCES "LINELOAD_CARTONS" ("CARTONID") ENABLE;
 
alter table LINELOAD_CARTON_TAG drop constraint FK297726DF3EF30942;
  ALTER TABLE "LINELOAD_CARTON_TAG" ADD CONSTRAINT "FK297726DF3EF30942" FOREIGN KEY ("TAG_ID")
	  REFERENCES "VOC_TAG" ("ID") ENABLE;
 


alter table LINELOAD_PALLETS drop constraint FK_ROUTESTOP_PALLET;
  ALTER TABLE "LINELOAD_PALLETS" ADD CONSTRAINT "FK_ROUTESTOP_PALLET" FOREIGN KEY ("ROUTESTOPID")
	  REFERENCES "LINELOAD_ROUTE_STOPS" ("ROUTESTOPID") ENABLE;
 


alter table LINELOAD_PALLET_TAG drop constraint FK69FD150093ECD1E5;
  ALTER TABLE "LINELOAD_PALLET_TAG" ADD CONSTRAINT "FK69FD150093ECD1E5" FOREIGN KEY ("TAGGED_ID")
	  REFERENCES "LINELOAD_PALLETS" ("PALLETID") ENABLE;
 
alter table LINELOAD_PALLET_TAG drop constraint FK69FD15003EF30942;
  ALTER TABLE "LINELOAD_PALLET_TAG" ADD CONSTRAINT "FK69FD15003EF30942" FOREIGN KEY ("TAG_ID")
	  REFERENCES "VOC_TAG" ("ID") ENABLE;
 


alter table LINELOAD_REGIONS drop constraint FK417D3F9A630F1E6B;
  ALTER TABLE "LINELOAD_REGIONS" ADD CONSTRAINT "FK417D3F9A630F1E6B" FOREIGN KEY ("REGIONID")
	  REFERENCES "CORE_REGIONS" ("REGIONID") ENABLE;
 


alter table LINELOAD_ROUTE_STOPS drop constraint FK_REGION_ROUTESTOPS;
  ALTER TABLE "LINELOAD_ROUTE_STOPS" ADD CONSTRAINT "FK_REGION_ROUTESTOPS" FOREIGN KEY ("REGIONID")
	  REFERENCES "LINELOAD_REGIONS" ("REGIONID") ENABLE;
 


alter table LINELOAD_ROUTE_STOP_TAG drop constraint FK133EEB1857ECE1E2;
  ALTER TABLE "LINELOAD_ROUTE_STOP_TAG" ADD CONSTRAINT "FK133EEB1857ECE1E2" FOREIGN KEY ("TAGGED_ID")
	  REFERENCES "LINELOAD_ROUTE_STOPS" ("ROUTESTOPID") ENABLE;
 
alter table LINELOAD_ROUTE_STOP_TAG drop constraint FK133EEB183EF30942;
  ALTER TABLE "LINELOAD_ROUTE_STOP_TAG" ADD CONSTRAINT "FK133EEB183EF30942" FOREIGN KEY ("TAG_ID")
	  REFERENCES "VOC_TAG" ("ID") ENABLE;
 


alter table PTS_CONTAINERS drop constraint FK_CUSTOMERLOC_PTSCONTAINERS;
  ALTER TABLE "PTS_CONTAINERS" ADD CONSTRAINT "FK_CUSTOMERLOC_PTSCONTAINERS" FOREIGN KEY ("CUSTOMERLOCATIONID")
	  REFERENCES "PTS_CUSTOMER_LOCATIONS" ("CUSTOMERLOCATIONID") ENABLE;
 


alter table PTS_CONTAINER_DETAILS drop constraint FK_REGION_CONTDETAIL;
  ALTER TABLE "PTS_CONTAINER_DETAILS" ADD CONSTRAINT "FK_REGION_CONTDETAIL" FOREIGN KEY ("REGIONID")
	  REFERENCES "PTS_REGIONS" ("REGIONID") ENABLE;
 
alter table PTS_CONTAINER_DETAILS drop constraint FK_OPERATOR_CONTAINERDETAILS;
  ALTER TABLE "PTS_CONTAINER_DETAILS" ADD CONSTRAINT "FK_OPERATOR_CONTAINERDETAILS" FOREIGN KEY ("OPERATORID")
	  REFERENCES "CORE_OPERATORS" ("OPERATORID") ENABLE;
 
alter table PTS_CONTAINER_DETAILS drop constraint FK_ITEM_CONTDETAIL;
  ALTER TABLE "PTS_CONTAINER_DETAILS" ADD CONSTRAINT "FK_ITEM_CONTDETAIL" FOREIGN KEY ("ITEMID")
	  REFERENCES "CORE_ITEMS" ("ITEMID") ENABLE;
 
alter table PTS_CONTAINER_DETAILS drop constraint FK_CONTAINER_CONTAINERDETAILS;
  ALTER TABLE "PTS_CONTAINER_DETAILS" ADD CONSTRAINT "FK_CONTAINER_CONTAINERDETAILS" FOREIGN KEY ("PUTCONTAINERID")
	  REFERENCES "PTS_CONTAINERS" ("CONTAINERID") ON DELETE CASCADE ENABLE;
 


alter table PTS_CONTAINER_TAG drop constraint FK248A498C183A1D0;
  ALTER TABLE "PTS_CONTAINER_TAG" ADD CONSTRAINT "FK248A498C183A1D0" FOREIGN KEY ("TAGGED_ID")
	  REFERENCES "PTS_CONTAINERS" ("CONTAINERID") ENABLE;
 
alter table PTS_CONTAINER_TAG drop constraint FK248A498C3EF30942;
  ALTER TABLE "PTS_CONTAINER_TAG" ADD CONSTRAINT "FK248A498C3EF30942" FOREIGN KEY ("TAG_ID")
	  REFERENCES "VOC_TAG" ("ID") ENABLE;
 


alter table PTS_CUSTOMER_LOCATIONS drop constraint FK_LOCATION_CUSTOMERLOCATION;
  ALTER TABLE "PTS_CUSTOMER_LOCATIONS" ADD CONSTRAINT "FK_LOCATION_CUSTOMERLOCATION" FOREIGN KEY ("LOCATIONID")
	  REFERENCES "CORE_LOCATIONS" ("LOCATIONID") ENABLE;
 


alter table PTS_CUSTOMER_LOCATION_TAG drop constraint FK3C3558173697EE0;
  ALTER TABLE "PTS_CUSTOMER_LOCATION_TAG" ADD CONSTRAINT "FK3C3558173697EE0" FOREIGN KEY ("TAGGED_ID")
	  REFERENCES "PTS_CUSTOMER_LOCATIONS" ("CUSTOMERLOCATIONID") ENABLE;
 
alter table PTS_CUSTOMER_LOCATION_TAG drop constraint FK3C355813EF30942;
  ALTER TABLE "PTS_CUSTOMER_LOCATION_TAG" ADD CONSTRAINT "FK3C355813EF30942" FOREIGN KEY ("TAG_ID")
	  REFERENCES "VOC_TAG" ("ID") ENABLE;
 




alter table PTS_LICENSES drop constraint FK_REGION_PUT_LICENSES;
  ALTER TABLE "PTS_LICENSES" ADD CONSTRAINT "FK_REGION_PUT_LICENSES" FOREIGN KEY ("REGIONID")
	  REFERENCES "PTS_REGIONS" ("REGIONID") ENABLE;
 
alter table PTS_LICENSES drop constraint FK_OPERATOR_PUT_LICENSES;
  ALTER TABLE "PTS_LICENSES" ADD CONSTRAINT "FK_OPERATOR_PUT_LICENSES" FOREIGN KEY ("OPERATORID")
	  REFERENCES "CORE_OPERATORS" ("OPERATORID") ENABLE;
 




alter table PTS_LICENSE_LABOR drop constraint FK_OPERATOR_PTSLICENSELABORS;
  ALTER TABLE "PTS_LICENSE_LABOR" ADD CONSTRAINT "FK_OPERATOR_PTSLICENSELABORS" FOREIGN KEY ("OPERATORID")
	  REFERENCES "CORE_OPERATORS" ("OPERATORID") ENABLE;
 
alter table PTS_LICENSE_LABOR drop constraint FK_PTSLICENSE_PTSLICENSELABORS;
  ALTER TABLE "PTS_LICENSE_LABOR" ADD CONSTRAINT "FK_PTSLICENSE_PTSLICENSELABORS" FOREIGN KEY ("LICENSEID")
	  REFERENCES "PTS_LICENSES" ("LICENSEID") ON DELETE CASCADE ENABLE;
 
alter table PTS_LICENSE_LABOR drop constraint FK_OPERLABOR_PTSLICENSELABORS;
  ALTER TABLE "PTS_LICENSE_LABOR" ADD CONSTRAINT "FK_OPERLABOR_PTSLICENSELABORS" FOREIGN KEY ("OPERATORLABORID")
	  REFERENCES "CORE_OPERATOR_LABOR" ("OPERATORLABORID") ENABLE;
 


alter table PTS_LICENSE_TAG drop constraint FK82158D4C365205D0;
  ALTER TABLE "PTS_LICENSE_TAG" ADD CONSTRAINT "FK82158D4C365205D0" FOREIGN KEY ("TAGGED_ID")
	  REFERENCES "PTS_LICENSES" ("LICENSEID") ENABLE;
 
alter table PTS_LICENSE_TAG drop constraint FK82158D4C3EF30942;
  ALTER TABLE "PTS_LICENSE_TAG" ADD CONSTRAINT "FK82158D4C3EF30942" FOREIGN KEY ("TAG_ID")
	  REFERENCES "VOC_TAG" ("ID") ENABLE;
 


alter table PTS_PUTS drop constraint FK_LICENSE_PUTS;
  ALTER TABLE "PTS_PUTS" ADD CONSTRAINT "FK_LICENSE_PUTS" FOREIGN KEY ("LICENSEID")
	  REFERENCES "PTS_LICENSES" ("LICENSEID") ON DELETE CASCADE ENABLE;
 
alter table PTS_PUTS drop constraint FK_ITEM_PUTS;
  ALTER TABLE "PTS_PUTS" ADD CONSTRAINT "FK_ITEM_PUTS" FOREIGN KEY ("ITEMID")
	  REFERENCES "CORE_ITEMS" ("ITEMID") ENABLE;
 
alter table PTS_PUTS drop constraint FK_OPERATOR_PUTS;
  ALTER TABLE "PTS_PUTS" ADD CONSTRAINT "FK_OPERATOR_PUTS" FOREIGN KEY ("OPERATORID")
	  REFERENCES "CORE_OPERATORS" ("OPERATORID") ENABLE;
 
alter table PTS_PUTS drop constraint FK_CUSTOMER_LOCATION_PUTS;
  ALTER TABLE "PTS_PUTS" ADD CONSTRAINT "FK_CUSTOMER_LOCATION_PUTS" FOREIGN KEY ("CUSTOMERLOCATIONID")
	  REFERENCES "PTS_CUSTOMER_LOCATIONS" ("CUSTOMERLOCATIONID") ENABLE;
 


alter table PTS_PUTS_IMPORT_DATA drop constraint FK_LICENSE_PUTS_IMPORT;
  ALTER TABLE "PTS_PUTS_IMPORT_DATA" ADD CONSTRAINT "FK_LICENSE_PUTS_IMPORT" FOREIGN KEY ("LICENSEID")
	  REFERENCES "PTS_LICENSES_IMPORT_DATA" ("IMPORTID") ON DELETE CASCADE ENABLE;
 


alter table PTS_PUT_DETAILS drop constraint FK_OPERATOR_PUTDETAILS;
  ALTER TABLE "PTS_PUT_DETAILS" ADD CONSTRAINT "FK_OPERATOR_PUTDETAILS" FOREIGN KEY ("OPERATORID")
	  REFERENCES "CORE_OPERATORS" ("OPERATORID") ENABLE;
 
alter table PTS_PUT_DETAILS drop constraint FK_PUT_PUTDETAILS;
  ALTER TABLE "PTS_PUT_DETAILS" ADD CONSTRAINT "FK_PUT_PUTDETAILS" FOREIGN KEY ("PUTID")
	  REFERENCES "PTS_PUTS" ("PUTID") ON DELETE CASCADE ENABLE;
 


alter table PTS_PUT_TAG drop constraint FKEF937D1A207FBD1E;
  ALTER TABLE "PTS_PUT_TAG" ADD CONSTRAINT "FKEF937D1A207FBD1E" FOREIGN KEY ("TAGGED_ID")
	  REFERENCES "PTS_PUTS" ("PUTID") ENABLE;
 
alter table PTS_PUT_TAG drop constraint FKEF937D1A3EF30942;
  ALTER TABLE "PTS_PUT_TAG" ADD CONSTRAINT "FKEF937D1A3EF30942" FOREIGN KEY ("TAG_ID")
	  REFERENCES "VOC_TAG" ("ID") ENABLE;
 


alter table PTS_REGIONS drop constraint FK3D5FB2AF630F1E6B;
  ALTER TABLE "PTS_REGIONS" ADD CONSTRAINT "FK3D5FB2AF630F1E6B" FOREIGN KEY ("REGIONID")
	  REFERENCES "CORE_REGIONS" ("REGIONID") ENABLE;
 


alter table PUTAWAY_LICENSES drop constraint FK_LOCATION_LICENSE;
  ALTER TABLE "PUTAWAY_LICENSES" ADD CONSTRAINT "FK_LOCATION_LICENSE" FOREIGN KEY ("LOCATIONID")
	  REFERENCES "CORE_LOCATIONS" ("LOCATIONID") ENABLE;
 
alter table PUTAWAY_LICENSES drop constraint FK_ITEM_LICENSE;
  ALTER TABLE "PUTAWAY_LICENSES" ADD CONSTRAINT "FK_ITEM_LICENSE" FOREIGN KEY ("ITEMID")
	  REFERENCES "CORE_ITEMS" ("ITEMID") ENABLE;
 
alter table PUTAWAY_LICENSES drop constraint FK_OPERATOR_LICENSE;
  ALTER TABLE "PUTAWAY_LICENSES" ADD CONSTRAINT "FK_OPERATOR_LICENSE" FOREIGN KEY ("OPERATORID")
	  REFERENCES "CORE_OPERATORS" ("OPERATORID") ENABLE;
 
alter table PUTAWAY_LICENSES drop constraint FK_REGION_LICENSE;
  ALTER TABLE "PUTAWAY_LICENSES" ADD CONSTRAINT "FK_REGION_LICENSE" FOREIGN KEY ("REGIONID")
	  REFERENCES "PUTAWAY_REGIONS" ("REGIONID") ENABLE;
 


alter table PUTAWAY_LICENSE_DETAILS drop constraint FK_LICENSE_LICENSEDETAIL;
  ALTER TABLE "PUTAWAY_LICENSE_DETAILS" ADD CONSTRAINT "FK_LICENSE_LICENSEDETAIL" FOREIGN KEY ("LICENSEID")
	  REFERENCES "PUTAWAY_LICENSES" ("LICENSEID") ON DELETE CASCADE ENABLE;
 
alter table PUTAWAY_LICENSE_DETAILS drop constraint FK_REASONCODE_LICENSEDETAIL;
  ALTER TABLE "PUTAWAY_LICENSE_DETAILS" ADD CONSTRAINT "FK_REASONCODE_LICENSEDETAIL" FOREIGN KEY ("REASONID")
	  REFERENCES "CORE_REASON_CODES" ("REASONCODEID") ENABLE;
 
alter table PUTAWAY_LICENSE_DETAILS drop constraint FK_LOCATION_PUTLOCATION;
  ALTER TABLE "PUTAWAY_LICENSE_DETAILS" ADD CONSTRAINT "FK_LOCATION_PUTLOCATION" FOREIGN KEY ("PUTLOCATIONID")
	  REFERENCES "CORE_LOCATIONS" ("LOCATIONID") ENABLE;
 
alter table PUTAWAY_LICENSE_DETAILS drop constraint FK_LOCATION_STARTLOCATION;
  ALTER TABLE "PUTAWAY_LICENSE_DETAILS" ADD CONSTRAINT "FK_LOCATION_STARTLOCATION" FOREIGN KEY ("STARTLOCATIONID")
	  REFERENCES "CORE_LOCATIONS" ("LOCATIONID") ENABLE;
 
alter table PUTAWAY_LICENSE_DETAILS drop constraint FK_OPERATOR_LICENSEDETAIL;
  ALTER TABLE "PUTAWAY_LICENSE_DETAILS" ADD CONSTRAINT "FK_OPERATOR_LICENSEDETAIL" FOREIGN KEY ("OPERATORID")
	  REFERENCES "CORE_OPERATORS" ("OPERATORID") ENABLE;
 


alter table PUTAWAY_LICENSE_DETAIL_TAG drop constraint FK930D826CA8E8E49E;
  ALTER TABLE "PUTAWAY_LICENSE_DETAIL_TAG" ADD CONSTRAINT "FK930D826CA8E8E49E" FOREIGN KEY ("TAGGED_ID")
	  REFERENCES "PUTAWAY_LICENSE_DETAILS" ("LICENSEDETAILID") ENABLE;
 
alter table PUTAWAY_LICENSE_DETAIL_TAG drop constraint FK930D826C3EF30942;
  ALTER TABLE "PUTAWAY_LICENSE_DETAIL_TAG" ADD CONSTRAINT "FK930D826C3EF30942" FOREIGN KEY ("TAG_ID")
	  REFERENCES "VOC_TAG" ("ID") ENABLE;
 




alter table PUTAWAY_LICENSE_TAG drop constraint FKA1266BDA9556936D;
  ALTER TABLE "PUTAWAY_LICENSE_TAG" ADD CONSTRAINT "FKA1266BDA9556936D" FOREIGN KEY ("TAGGED_ID")
	  REFERENCES "PUTAWAY_LICENSES" ("LICENSEID") ENABLE;
 
alter table PUTAWAY_LICENSE_TAG drop constraint FKA1266BDA3EF30942;
  ALTER TABLE "PUTAWAY_LICENSE_TAG" ADD CONSTRAINT "FKA1266BDA3EF30942" FOREIGN KEY ("TAG_ID")
	  REFERENCES "VOC_TAG" ("ID") ENABLE;
 


alter table PUTAWAY_REGIONS drop constraint FK2FD2083D630F1E6B;
  ALTER TABLE "PUTAWAY_REGIONS" ADD CONSTRAINT "FK2FD2083D630F1E6B" FOREIGN KEY ("REGIONID")
	  REFERENCES "CORE_REGIONS" ("REGIONID") ENABLE;
 


alter table REPLEN_REGIONS drop constraint FKC056CF18630F1E6B;
  ALTER TABLE "REPLEN_REGIONS" ADD CONSTRAINT "FKC056CF18630F1E6B" FOREIGN KEY ("REGIONID")
	  REFERENCES "CORE_REGIONS" ("REGIONID") ENABLE;
 


alter table REPLEN_REPLENISHMENTS drop constraint FK_REGION_REPLENISHMENT;
  ALTER TABLE "REPLEN_REPLENISHMENTS" ADD CONSTRAINT "FK_REGION_REPLENISHMENT" FOREIGN KEY ("REGIONID")
	  REFERENCES "REPLEN_REGIONS" ("REGIONID") ENABLE;
 
alter table REPLEN_REPLENISHMENTS drop constraint FK_OPERATOR_REPLENISHMENT;
  ALTER TABLE "REPLEN_REPLENISHMENTS" ADD CONSTRAINT "FK_OPERATOR_REPLENISHMENT" FOREIGN KEY ("OPERATORID")
	  REFERENCES "CORE_OPERATORS" ("OPERATORID") ENABLE;
 
alter table REPLEN_REPLENISHMENTS drop constraint FK_ITEM_REPLENISHMENT;
  ALTER TABLE "REPLEN_REPLENISHMENTS" ADD CONSTRAINT "FK_ITEM_REPLENISHMENT" FOREIGN KEY ("ITEMID")
	  REFERENCES "CORE_ITEMS" ("ITEMID") ENABLE;
 
alter table REPLEN_REPLENISHMENTS drop constraint FK_LOCATION_FROMLOCATION;
  ALTER TABLE "REPLEN_REPLENISHMENTS" ADD CONSTRAINT "FK_LOCATION_FROMLOCATION" FOREIGN KEY ("FROMLOCATIONID")
	  REFERENCES "CORE_LOCATIONS" ("LOCATIONID") ENABLE;
 
alter table REPLEN_REPLENISHMENTS drop constraint FK_LOCATION_TOLOCATION;
  ALTER TABLE "REPLEN_REPLENISHMENTS" ADD CONSTRAINT "FK_LOCATION_TOLOCATION" FOREIGN KEY ("TOLOCATIONID")
	  REFERENCES "CORE_LOCATIONS" ("LOCATIONID") ENABLE;
 


alter table REPLEN_REPLENISHMENT_DETAILS drop constraint FK_REASONCODE_REPLENISHDETAIL;
  ALTER TABLE "REPLEN_REPLENISHMENT_DETAILS" ADD CONSTRAINT "FK_REASONCODE_REPLENISHDETAIL" FOREIGN KEY ("REASONID")
	  REFERENCES "CORE_REASON_CODES" ("REASONCODEID") ENABLE;
 
alter table REPLEN_REPLENISHMENT_DETAILS drop constraint FK_OPERATOR_REPLENISHDETAIL;
  ALTER TABLE "REPLEN_REPLENISHMENT_DETAILS" ADD CONSTRAINT "FK_OPERATOR_REPLENISHDETAIL" FOREIGN KEY ("OPERATORID")
	  REFERENCES "CORE_OPERATORS" ("OPERATORID") ENABLE;
 
alter table REPLEN_REPLENISHMENT_DETAILS drop constraint FK_LOCATION_REPLENISHDETAIL;
  ALTER TABLE "REPLEN_REPLENISHMENT_DETAILS" ADD CONSTRAINT "FK_LOCATION_REPLENISHDETAIL" FOREIGN KEY ("REPLENISHLOCATIONID")
	  REFERENCES "CORE_LOCATIONS" ("LOCATIONID") ENABLE;
 
alter table REPLEN_REPLENISHMENT_DETAILS drop constraint FK_REPLENISH_REPLENISHDETAIL;
  ALTER TABLE "REPLEN_REPLENISHMENT_DETAILS" ADD CONSTRAINT "FK_REPLENISH_REPLENISHDETAIL" FOREIGN KEY ("REPLENISHID")
	  REFERENCES "REPLEN_REPLENISHMENTS" ("REPLENISHID") ON DELETE CASCADE ENABLE;
 


alter table REPLEN_REPLENISHMENT_DET_TAG drop constraint FK9983AF0C3EF30942;
  ALTER TABLE "REPLEN_REPLENISHMENT_DET_TAG" ADD CONSTRAINT "FK9983AF0C3EF30942" FOREIGN KEY ("TAG_ID")
	  REFERENCES "VOC_TAG" ("ID") ENABLE;
 
alter table REPLEN_REPLENISHMENT_DET_TAG drop constraint FK9983AF0C3B598268;
  ALTER TABLE "REPLEN_REPLENISHMENT_DET_TAG" ADD CONSTRAINT "FK9983AF0C3B598268" FOREIGN KEY ("TAGGED_ID")
	  REFERENCES "REPLEN_REPLENISHMENT_DETAILS" ("DETAILID") ENABLE;
 


alter table REPLEN_REPLENISHMENT_TAG drop constraint FK2FD8BC383EF30942;
  ALTER TABLE "REPLEN_REPLENISHMENT_TAG" ADD CONSTRAINT "FK2FD8BC383EF30942" FOREIGN KEY ("TAG_ID")
	  REFERENCES "VOC_TAG" ("ID") ENABLE;
 
alter table REPLEN_REPLENISHMENT_TAG drop constraint FK2FD8BC3878DBD0B7;
  ALTER TABLE "REPLEN_REPLENISHMENT_TAG" ADD CONSTRAINT "FK2FD8BC3878DBD0B7" FOREIGN KEY ("TAGGED_ID")
	  REFERENCES "REPLEN_REPLENISHMENTS" ("REPLENISHID") ENABLE;
 




alter table SEL_ASSIGNMENTS drop constraint FK_OPERATOR_ASSIGNMENTS;
  ALTER TABLE "SEL_ASSIGNMENTS" ADD CONSTRAINT "FK_OPERATOR_ASSIGNMENTS" FOREIGN KEY ("OPERATORID")
	  REFERENCES "CORE_OPERATORS" ("OPERATORID") ENABLE;
 
alter table SEL_ASSIGNMENTS drop constraint FK_REGION_ASSIGNMENTS;
  ALTER TABLE "SEL_ASSIGNMENTS" ADD CONSTRAINT "FK_REGION_ASSIGNMENTS" FOREIGN KEY ("REGIONID")
	  REFERENCES "SEL_REGIONS" ("REGIONID") ENABLE;
 


alter table SEL_ASSIGNMENT_CONTAINERS drop constraint FK_CONTAINERS_ASSIGNMENTS;
  ALTER TABLE "SEL_ASSIGNMENT_CONTAINERS" ADD CONSTRAINT "FK_CONTAINERS_ASSIGNMENTS" FOREIGN KEY ("PICKCONTAINERID")
	  REFERENCES "SEL_CONTAINERS" ("CONTAINERID") ENABLE;
 
alter table SEL_ASSIGNMENT_CONTAINERS drop constraint FK_ASSIGNMENTS_CONTAINERS;
  ALTER TABLE "SEL_ASSIGNMENT_CONTAINERS" ADD CONSTRAINT "FK_ASSIGNMENTS_CONTAINERS" FOREIGN KEY ("ASSIGNMENTID")
	  REFERENCES "SEL_ASSIGNMENTS" ("ASSIGNMENTID") ENABLE;
 




alter table SEL_ASSIGNMENT_LABOR drop constraint FK_OPERATOR_ASSIGNLABORS;
  ALTER TABLE "SEL_ASSIGNMENT_LABOR" ADD CONSTRAINT "FK_OPERATOR_ASSIGNLABORS" FOREIGN KEY ("OPERATORID")
	  REFERENCES "CORE_OPERATORS" ("OPERATORID") ENABLE;
 
alter table SEL_ASSIGNMENT_LABOR drop constraint FK_ASSIGNMENT_ASSIGNLABORS;
  ALTER TABLE "SEL_ASSIGNMENT_LABOR" ADD CONSTRAINT "FK_ASSIGNMENT_ASSIGNLABORS" FOREIGN KEY ("ASSIGNMENTID")
	  REFERENCES "SEL_ASSIGNMENTS" ("ASSIGNMENTID") ON DELETE CASCADE ENABLE;
 
alter table SEL_ASSIGNMENT_LABOR drop constraint FK_OPERLABOR_ASSIGNLABORS;
  ALTER TABLE "SEL_ASSIGNMENT_LABOR" ADD CONSTRAINT "FK_OPERLABOR_ASSIGNLABORS" FOREIGN KEY ("OPERATORLABORID")
	  REFERENCES "CORE_OPERATOR_LABOR" ("OPERATORLABORID") ENABLE;
 


alter table SEL_ASSIGNMENT_TAG drop constraint FKBDF179AD3EF30942;
  ALTER TABLE "SEL_ASSIGNMENT_TAG" ADD CONSTRAINT "FKBDF179AD3EF30942" FOREIGN KEY ("TAG_ID")
	  REFERENCES "VOC_TAG" ("ID") ENABLE;
 
alter table SEL_ASSIGNMENT_TAG drop constraint FKBDF179ADED83D64E;
  ALTER TABLE "SEL_ASSIGNMENT_TAG" ADD CONSTRAINT "FKBDF179ADED83D64E" FOREIGN KEY ("TAGGED_ID")
	  REFERENCES "SEL_ASSIGNMENTS" ("ASSIGNMENTID") ENABLE;
 


alter table SEL_CONTAINERS drop constraint FK_CONTAINERTYPE_CONTAINERS;
  ALTER TABLE "SEL_CONTAINERS" ADD CONSTRAINT "FK_CONTAINERTYPE_CONTAINERS" FOREIGN KEY ("CONTAINERTYPEID")
	  REFERENCES "SEL_CONTAINER_TYPES" ("CONTAINERTYPEID") ENABLE;
 


alter table SEL_CONTAINER_TAG drop constraint FK69FBFBB7EE18CC3C;
  ALTER TABLE "SEL_CONTAINER_TAG" ADD CONSTRAINT "FK69FBFBB7EE18CC3C" FOREIGN KEY ("TAGGED_ID")
	  REFERENCES "SEL_CONTAINERS" ("CONTAINERID") ENABLE;
 
alter table SEL_CONTAINER_TAG drop constraint FK69FBFBB73EF30942;
  ALTER TABLE "SEL_CONTAINER_TAG" ADD CONSTRAINT "FK69FBFBB73EF30942" FOREIGN KEY ("TAG_ID")
	  REFERENCES "VOC_TAG" ("ID") ENABLE;
 






alter table SEL_DEL_LOC_MAPPINGS_TAG drop constraint FKDA7354D8158AFDC0;
  ALTER TABLE "SEL_DEL_LOC_MAPPINGS_TAG" ADD CONSTRAINT "FKDA7354D8158AFDC0" FOREIGN KEY ("TAGGED_ID")
	  REFERENCES "SEL_DEL_LOC_MAPPINGS" ("DELLOCMAPPINGID") ENABLE;
 
alter table SEL_DEL_LOC_MAPPINGS_TAG drop constraint FKDA7354D83EF30942;
  ALTER TABLE "SEL_DEL_LOC_MAPPINGS_TAG" ADD CONSTRAINT "FKDA7354D83EF30942" FOREIGN KEY ("TAG_ID")
	  REFERENCES "VOC_TAG" ("ID") ENABLE;
 




alter table SEL_DEL_LOC_MAP_SETTING_TAG drop constraint FK13B18B03EF30942;
  ALTER TABLE "SEL_DEL_LOC_MAP_SETTING_TAG" ADD CONSTRAINT "FK13B18B03EF30942" FOREIGN KEY ("TAG_ID")
	  REFERENCES "VOC_TAG" ("ID") ENABLE;
 
alter table SEL_DEL_LOC_MAP_SETTING_TAG drop constraint FK13B18B0F99B85CC;
  ALTER TABLE "SEL_DEL_LOC_MAP_SETTING_TAG" ADD CONSTRAINT "FK13B18B0F99B85CC" FOREIGN KEY ("TAGGED_ID")
	  REFERENCES "SEL_DEL_LOC_MAPPING_SETTINGS" ("DELLOCMAPPINGSETTINGID") ENABLE;
 




alter table SEL_PICKS drop constraint FK_OPERATOR_PICKS;
  ALTER TABLE "SEL_PICKS" ADD CONSTRAINT "FK_OPERATOR_PICKS" FOREIGN KEY ("OPERATORID")
	  REFERENCES "CORE_OPERATORS" ("OPERATORID") ENABLE;
 
alter table SEL_PICKS drop constraint FK_ASSIGNMENT_PICKS;
  ALTER TABLE "SEL_PICKS" ADD CONSTRAINT "FK_ASSIGNMENT_PICKS" FOREIGN KEY ("ASSIGNMENTID")
	  REFERENCES "SEL_ASSIGNMENTS" ("ASSIGNMENTID") ON DELETE CASCADE ENABLE;
 
alter table SEL_PICKS drop constraint FK_ORIGINALPICK_PICKS;
  ALTER TABLE "SEL_PICKS" ADD CONSTRAINT "FK_ORIGINALPICK_PICKS" FOREIGN KEY ("ORIGINALPICKID")
	  REFERENCES "SEL_PICKS" ("PICKID") ENABLE;
 
alter table SEL_PICKS drop constraint FK_LOCATION_PICKS;
  ALTER TABLE "SEL_PICKS" ADD CONSTRAINT "FK_LOCATION_PICKS" FOREIGN KEY ("LOCATIONID")
	  REFERENCES "CORE_LOCATIONS" ("LOCATIONID") ENABLE;
 
alter table SEL_PICKS drop constraint FK_ITEM_PICKS;
  ALTER TABLE "SEL_PICKS" ADD CONSTRAINT "FK_ITEM_PICKS" FOREIGN KEY ("ITEMID")
	  REFERENCES "CORE_ITEMS" ("ITEMID") ENABLE;
 


alter table SEL_PICK_DETAILS drop constraint FK_PICK_PICKDETAILS;
  ALTER TABLE "SEL_PICK_DETAILS" ADD CONSTRAINT "FK_PICK_PICKDETAILS" FOREIGN KEY ("PICKID")
	  REFERENCES "SEL_PICKS" ("PICKID") ON DELETE CASCADE ENABLE;
 
alter table SEL_PICK_DETAILS drop constraint FK_OPERATOR_PICKDETAILS;
  ALTER TABLE "SEL_PICK_DETAILS" ADD CONSTRAINT "FK_OPERATOR_PICKDETAILS" FOREIGN KEY ("OPERATORID")
	  REFERENCES "CORE_OPERATORS" ("OPERATORID") ENABLE;
 
alter table SEL_PICK_DETAILS drop constraint FK_CONTAINER_PICKDETAILS;
  ALTER TABLE "SEL_PICK_DETAILS" ADD CONSTRAINT "FK_CONTAINER_PICKDETAILS" FOREIGN KEY ("PICKCONTAINERID")
	  REFERENCES "SEL_CONTAINERS" ("CONTAINERID") ENABLE;
 


alter table SEL_PICK_IMPORT_DATA drop constraint FK_ASSIGNMENT_PICKS_IMPORT;
  ALTER TABLE "SEL_PICK_IMPORT_DATA" ADD CONSTRAINT "FK_ASSIGNMENT_PICKS_IMPORT" FOREIGN KEY ("ASSIGNMENTID")
	  REFERENCES "SEL_ASSIGNMENT_IMPORT_DATA" ("IMPORTID") ON DELETE CASCADE ENABLE;
 


alter table SEL_PICK_TAG drop constraint FK1B5B30C1C4D491E2;
  ALTER TABLE "SEL_PICK_TAG" ADD CONSTRAINT "FK1B5B30C1C4D491E2" FOREIGN KEY ("TAGGED_ID")
	  REFERENCES "SEL_PICKS" ("PICKID") ENABLE;
 
alter table SEL_PICK_TAG drop constraint FK1B5B30C13EF30942;
  ALTER TABLE "SEL_PICK_TAG" ADD CONSTRAINT "FK1B5B30C13EF30942" FOREIGN KEY ("TAG_ID")
	  REFERENCES "VOC_TAG" ("ID") ENABLE;
 


alter table SEL_REGIONS drop constraint FK_NORMALPROFILE_REGIONS;
  ALTER TABLE "SEL_REGIONS" ADD CONSTRAINT "FK_NORMALPROFILE_REGIONS" FOREIGN KEY ("PROFILENORMALASSIGNMENTID")
	  REFERENCES "SEL_REGION_PROFILES" ("REGIONPROFILEID") ENABLE;
 
alter table SEL_REGIONS drop constraint FK_SUMPROMPTCHASE_REGIONS;
  ALTER TABLE "SEL_REGIONS" ADD CONSTRAINT "FK_SUMPROMPTCHASE_REGIONS" FOREIGN KEY ("SUMMARYID_CHASE")
	  REFERENCES "SEL_SUM_PROMPT" ("SUMMARYID") ENABLE;
 
alter table SEL_REGIONS drop constraint FK_CHASEPROFILE_REGIONS;
  ALTER TABLE "SEL_REGIONS" ADD CONSTRAINT "FK_CHASEPROFILE_REGIONS" FOREIGN KEY ("PROFILECHASEASSIGNMENTID")
	  REFERENCES "SEL_REGION_PROFILES" ("REGIONPROFILEID") ENABLE;
 
alter table SEL_REGIONS drop constraint FK_SUMPROMPTNORMAL_REGIONS;
  ALTER TABLE "SEL_REGIONS" ADD CONSTRAINT "FK_SUMPROMPTNORMAL_REGIONS" FOREIGN KEY ("SUMMARYID")
	  REFERENCES "SEL_SUM_PROMPT" ("SUMMARYID") ENABLE;
 
alter table SEL_REGIONS drop constraint FK9DE1211A630F1E6B;
  ALTER TABLE "SEL_REGIONS" ADD CONSTRAINT "FK9DE1211A630F1E6B" FOREIGN KEY ("REGIONID")
	  REFERENCES "CORE_REGIONS" ("REGIONID") ENABLE;
 


alter table SEL_REGION_PROFILES drop constraint FK_CONTAINERTYPE_REGPROFILES;
  ALTER TABLE "SEL_REGION_PROFILES" ADD CONSTRAINT "FK_CONTAINERTYPE_REGPROFILES" FOREIGN KEY ("CONTAINERTYPEID")
	  REFERENCES "SEL_CONTAINER_TYPES" ("CONTAINERTYPEID") ENABLE;
 




alter table SEL_SUM_PROMPT_DEF drop constraint FK_SUMPROMPT_SUMPROMPTDEF;
  ALTER TABLE "SEL_SUM_PROMPT_DEF" ADD CONSTRAINT "FK_SUMPROMPT_SUMPROMPTDEF" FOREIGN KEY ("SUMMARYID")
	  REFERENCES "SEL_SUM_PROMPT" ("SUMMARYID") ON DELETE CASCADE ENABLE;
 
alter table SEL_SUM_PROMPT_DEF drop constraint FK_PROMPTITEM_SUMMARYPROMPTDEF;
  ALTER TABLE "SEL_SUM_PROMPT_DEF" ADD CONSTRAINT "FK_PROMPTITEM_SUMMARYPROMPTDEF" FOREIGN KEY ("PROMPTITEMID")
	  REFERENCES "SEL_SUM_PROMPT_ITEM" ("PROMPTITEMID") ENABLE;
 




alter table SEL_SUM_PROMPT_LOC drop constraint FK_SUMPROMPTDEF_SUMPROMPTLOC;
  ALTER TABLE "SEL_SUM_PROMPT_LOC" ADD CONSTRAINT "FK_SUMPROMPTDEF_SUMPROMPTLOC" FOREIGN KEY ("SUMMARYDEFINTIONID")
	  REFERENCES "SEL_SUM_PROMPT_DEF" ("SUMMARYDEFINITIONID") ON DELETE CASCADE ENABLE;
 


alter table SEL_SUM_PROMPT_TAG drop constraint FKDF7B7338E9E659E5;
  ALTER TABLE "SEL_SUM_PROMPT_TAG" ADD CONSTRAINT "FKDF7B7338E9E659E5" FOREIGN KEY ("TAGGED_ID")
	  REFERENCES "SEL_SUM_PROMPT" ("SUMMARYID") ENABLE;
 
alter table SEL_SUM_PROMPT_TAG drop constraint FKDF7B73383EF30942;
  ALTER TABLE "SEL_SUM_PROMPT_TAG" ADD CONSTRAINT "FKDF7B73383EF30942" FOREIGN KEY ("TAG_ID")
	  REFERENCES "VOC_TAG" ("ID") ENABLE;
 
--------------------------------------------------------
--  DDL for Table VOC_CHARTS
--------------------------------------------------------

  CREATE TABLE "VOC_CHARTS" 
   (	"CHARTID" NUMBER(19,0), 
	"VERSION" NUMBER(10,0), 
	"CHARTNAME" NVARCHAR2(128), 
	"CHARTTYPE" NUMBER(10,0), 
	"TITLE" NVARCHAR2(128), 
	"DESCRIPTION" NVARCHAR2(256), 
	"CATEGORYAXISLABEL" NVARCHAR2(128), 
	"RANGEAXISLABEL" NVARCHAR2(128), 
	"DATASETPROVIDERBEAN" NVARCHAR2(128), 
	"CHARTRENDERERBEAN" NVARCHAR2(128)
   ) ;
 

--------------------------------------------------------
--  Constraints for Table VOC_CHARTS
--------------------------------------------------------

  ALTER TABLE "VOC_CHARTS" MODIFY ("CHARTID" NOT NULL ENABLE);
 
  ALTER TABLE "VOC_CHARTS" MODIFY ("VERSION" NOT NULL ENABLE);
 
  ALTER TABLE "VOC_CHARTS" MODIFY ("CHARTNAME" NOT NULL ENABLE);
 
  ALTER TABLE "VOC_CHARTS" MODIFY ("CHARTTYPE" NOT NULL ENABLE);
 
  ALTER TABLE "VOC_CHARTS" MODIFY ("TITLE" NOT NULL ENABLE);
 
  ALTER TABLE "VOC_CHARTS" MODIFY ("DATASETPROVIDERBEAN" NOT NULL ENABLE);
 
  ALTER TABLE "VOC_CHARTS" MODIFY ("CHARTRENDERERBEAN" NOT NULL ENABLE);
 
  ALTER TABLE "VOC_CHARTS" ADD PRIMARY KEY ("CHARTID") ENABLE;
 

--------------------------------------------------------
--  DDL for Table VOC_CHART_SETTINGS
--------------------------------------------------------

  CREATE TABLE "VOC_CHART_SETTINGS" 
   (	"CHARTSETTINGSID" NUMBER(19,0), 
	"VERSION" NUMBER(10,0), 
	"CHARTID" NUMBER(19,0), 
	"USERID" NUMBER(19,0), 
	"INCLUDELEGEND" NUMBER(1,0), 
	"INCLUDELABELS" NUMBER(1,0), 
	"INCLUDETOOLTIPS" NUMBER(1,0), 
	"RENDERIN3D" NUMBER(1,0), 
	"LOWERBOUND" NUMBER(10,0), 
	"UPPERBOUND" NUMBER(10,0), 
	"BARCHARTORIENTATION" NUMBER(10,0)
   ) ;
 

--------------------------------------------------------
--  Constraints for Table VOC_CHART_SETTINGS
--------------------------------------------------------

  ALTER TABLE "VOC_CHART_SETTINGS" MODIFY ("CHARTSETTINGSID" NOT NULL ENABLE);
 
  ALTER TABLE "VOC_CHART_SETTINGS" MODIFY ("VERSION" NOT NULL ENABLE);
 
  ALTER TABLE "VOC_CHART_SETTINGS" MODIFY ("CHARTID" NOT NULL ENABLE);
 
  ALTER TABLE "VOC_CHART_SETTINGS" MODIFY ("INCLUDELEGEND" NOT NULL ENABLE);
 
  ALTER TABLE "VOC_CHART_SETTINGS" MODIFY ("INCLUDELABELS" NOT NULL ENABLE);
 
  ALTER TABLE "VOC_CHART_SETTINGS" MODIFY ("INCLUDETOOLTIPS" NOT NULL ENABLE);
 
  ALTER TABLE "VOC_CHART_SETTINGS" MODIFY ("RENDERIN3D" NOT NULL ENABLE);
 
  ALTER TABLE "VOC_CHART_SETTINGS" MODIFY ("BARCHARTORIENTATION" NOT NULL ENABLE);
 
  ALTER TABLE "VOC_CHART_SETTINGS" ADD PRIMARY KEY ("CHARTSETTINGSID") ENABLE;
 

--------------------------------------------------------
--  Ref Constraints for Table VOC_CHART_SETTINGS
--------------------------------------------------------

  ALTER TABLE "VOC_CHART_SETTINGS" ADD CONSTRAINT "FKAB10C779C9E8E129" FOREIGN KEY ("USERID")
	  REFERENCES "VOC_USER" ("ID") ENABLE;
 
  ALTER TABLE "VOC_CHART_SETTINGS" ADD CONSTRAINT "FK_CHART_CHARTSETTINGS" FOREIGN KEY ("CHARTID")
	  REFERENCES "VOC_CHARTS" ("CHARTID") ENABLE;
 



alter table VOC_COLUMN drop constraint FK6049706B971DA1E7;
  ALTER TABLE "VOC_COLUMN" ADD CONSTRAINT "FK6049706B971DA1E7" FOREIGN KEY ("DATA_TYPE_ID")
	  REFERENCES "VOC_DATA_TYPE" ("ID") ENABLE;
 
alter table VOC_COLUMN drop constraint FK6049706B16D0F6D2;
  ALTER TABLE "VOC_COLUMN" ADD CONSTRAINT "FK6049706B16D0F6D2" FOREIGN KEY ("VIEW_ID")
	  REFERENCES "VOC_VIEW" ("ID") ENABLE;


alter table VOC_DEVICE_TAG drop constraint FKF030FCC63EF30942;
  ALTER TABLE "VOC_DEVICE_TAG" ADD CONSTRAINT "FKF030FCC63EF30942" FOREIGN KEY ("TAG_ID")
	  REFERENCES "VOC_TAG" ("ID") ENABLE;
 
alter table VOC_DEVICE_TAG drop constraint FKF030FCC6DB9C1FE7;
  ALTER TABLE "VOC_DEVICE_TAG" ADD CONSTRAINT "FKF030FCC6DB9C1FE7" FOREIGN KEY ("TAGGED_ID")
	  REFERENCES "VOC_DEVICE" ("ID") ENABLE;
 




alter table VOC_FEATURE drop constraint FK35EB80819FA773C;
  ALTER TABLE "VOC_FEATURE" ADD CONSTRAINT "FK35EB80819FA773C" FOREIGN KEY ("GROUP_ID")
	  REFERENCES "VOC_FEATURE_GROUP" ("ID") ENABLE;
 




alter table VOC_FILTER drop constraint FK6513688D16D0F6D2;
  ALTER TABLE "VOC_FILTER" ADD CONSTRAINT "FK6513688D16D0F6D2" FOREIGN KEY ("VIEW_ID")
	  REFERENCES "VOC_VIEW" ("ID") ENABLE;
 
alter table VOC_FILTER drop constraint FK6513688DF2F89D12;
  ALTER TABLE "VOC_FILTER" ADD CONSTRAINT "FK6513688DF2F89D12" FOREIGN KEY ("USER_ID")
	  REFERENCES "VOC_USER" ("ID") ENABLE;
 


alter table VOC_FILTER_CRITERION drop constraint FK120AE56F1C17A2E2;
  ALTER TABLE "VOC_FILTER_CRITERION" ADD CONSTRAINT "FK120AE56F1C17A2E2" FOREIGN KEY ("OPERAND_ID")
	  REFERENCES "VOC_OPERAND" ("ID") ENABLE;
 
alter table VOC_FILTER_CRITERION drop constraint FK120AE56F1D4606E2;
  ALTER TABLE "VOC_FILTER_CRITERION" ADD CONSTRAINT "FK120AE56F1D4606E2" FOREIGN KEY ("FILTERCRITERIAID")
	  REFERENCES "VOC_FILTER" ("ID") ENABLE;
 
alter table VOC_FILTER_CRITERION drop constraint FK120AE56F64367F32;
  ALTER TABLE "VOC_FILTER_CRITERION" ADD CONSTRAINT "FK120AE56F64367F32" FOREIGN KEY ("COLUMN_ID")
	  REFERENCES "VOC_COLUMN" ("ID") ENABLE;
 


alter table VOC_HOMEPAGE drop constraint FK7BE97BC3F2F89D12;
  ALTER TABLE "VOC_HOMEPAGE" ADD CONSTRAINT "FK7BE97BC3F2F89D12" FOREIGN KEY ("USER_ID")
	  REFERENCES "VOC_USER" ("ID") ENABLE;
 


alter table VOC_HOMEPAGE_ACCESS_SUMMARIES drop constraint FK789FEEA56A944441;
  ALTER TABLE "VOC_HOMEPAGE_ACCESS_SUMMARIES" ADD CONSTRAINT "FK789FEEA56A944441" FOREIGN KEY ("ID")
	  REFERENCES "VOC_HOMEPAGE" ("ID") ENABLE;
 
alter table VOC_HOMEPAGE_ACCESS_SUMMARIES drop constraint FK789FEEA5E5EF59C2;
  ALTER TABLE "VOC_HOMEPAGE_ACCESS_SUMMARIES" ADD CONSTRAINT "FK789FEEA5E5EF59C2" FOREIGN KEY ("SUMMARY_ID")
	  REFERENCES "VOC_SUMMARIES" ("ID") ENABLE;
 


alter table VOC_HOMEPAGE_SUMMARIES drop constraint FKBA3C05486A944441;
  ALTER TABLE "VOC_HOMEPAGE_SUMMARIES" ADD CONSTRAINT "FKBA3C05486A944441" FOREIGN KEY ("ID")
	  REFERENCES "VOC_HOMEPAGE" ("ID") ENABLE;
 
alter table VOC_NOTIFICATIONDETAIL drop constraint FKCFDAA91BC355A75;
  ALTER TABLE "VOC_NOTIFICATIONDETAIL" ADD CONSTRAINT "FKCFDAA91BC355A75" FOREIGN KEY ("NOTIFICATIONDETAILSID")
	  REFERENCES "VOC_NOTIFICATION" ("ID") ENABLE;
 


alter table VOC_NOTIFICATION_TAG drop constraint FK4500111B51FE0CF1;
  ALTER TABLE "VOC_NOTIFICATION_TAG" ADD CONSTRAINT "FK4500111B51FE0CF1" FOREIGN KEY ("TAGGED_ID")
	  REFERENCES "VOC_NOTIFICATION" ("ID") ENABLE;
 
alter table VOC_NOTIFICATION_TAG drop constraint FK4500111B3EF30942;
  ALTER TABLE "VOC_NOTIFICATION_TAG" ADD CONSTRAINT "FK4500111B3EF30942" FOREIGN KEY ("TAG_ID")
	  REFERENCES "VOC_TAG" ("ID") ENABLE;

alter table VOC_OPERATOR_TAG drop constraint FKC4CDDED43EF30942;
  ALTER TABLE "VOC_OPERATOR_TAG" ADD CONSTRAINT "FKC4CDDED43EF30942" FOREIGN KEY ("TAG_ID")
	  REFERENCES "VOC_TAG" ("ID") ENABLE;
 
alter table VOC_OPERATOR_TAG drop constraint FKC4CDDED48BBBC9B5;
  ALTER TABLE "VOC_OPERATOR_TAG" ADD CONSTRAINT "FKC4CDDED48BBBC9B5" FOREIGN KEY ("TAGGED_ID")
	  REFERENCES "VOC_OPERATORS" ("OPERATORID") ENABLE;
 


alter table VOC_PLUGIN_COMPONENTS drop constraint FK6657CF6D8D0424EE;
  ALTER TABLE "VOC_PLUGIN_COMPONENTS" ADD CONSTRAINT "FK6657CF6D8D0424EE" FOREIGN KEY ("MODULEID")
	  REFERENCES "VOC_PLUGIN_MODULES" ("MODULEID") ENABLE;
 
alter table VOC_PLUGIN_COMPONENTS drop constraint FK6657CF6D6B008C44;
  ALTER TABLE "VOC_PLUGIN_COMPONENTS" ADD CONSTRAINT "FK6657CF6D6B008C44" FOREIGN KEY ("PARENTCOMPONENTID")
	  REFERENCES "VOC_PLUGIN_COMPONENTS" ("COMPONENTID") ENABLE;
 


alter table VOC_PLUGIN_COMPONENTS_AUTH drop constraint FKF29A633A8F68C32E;
  ALTER TABLE "VOC_PLUGIN_COMPONENTS_AUTH" ADD CONSTRAINT "FKF29A633A8F68C32E" FOREIGN KEY ("COMPONENTID")
	  REFERENCES "VOC_PLUGIN_COMPONENTS" ("COMPONENTID") ENABLE;
 




alter table VOC_PLUGIN_MODULES_AUTH drop constraint FKCE9F9DF78D0424EE;
  ALTER TABLE "VOC_PLUGIN_MODULES_AUTH" ADD CONSTRAINT "FKCE9F9DF78D0424EE" FOREIGN KEY ("MODULEID")
	  REFERENCES "VOC_PLUGIN_MODULES" ("MODULEID") ENABLE;
 
 
ALTER TABLE voc_jobs rename column interval to job_interval;

DROP TABLE "VOC_CONN_TEST";

 --------------------------------------------------------
--  DDL for Table VOC_REPORTTYPE
--------------------------------------------------------

  CREATE TABLE "VOC_REPORTTYPE" 
   (	"ID" NUMBER(19,0), 
	"REPORTTYPE_NAME" NVARCHAR2(50), 
	"REPORTTYPE_NAME_KEY" NVARCHAR2(255), 
	"REPORTTYPE_DESCRIPTION" NVARCHAR2(100), 
	"APP_NAME" NVARCHAR2(255), 
	"SESSION_BEAN_ID" NVARCHAR2(255)
   ) ; 

--------------------------------------------------------
--  Constraints for Table VOC_REPORTTYPE
--------------------------------------------------------

  ALTER TABLE "VOC_REPORTTYPE" MODIFY ("ID" NOT NULL ENABLE);
 
  ALTER TABLE "VOC_REPORTTYPE" MODIFY ("REPORTTYPE_NAME" NOT NULL ENABLE);
 
  ALTER TABLE "VOC_REPORTTYPE" MODIFY ("REPORTTYPE_NAME_KEY" NOT NULL ENABLE);
 
  ALTER TABLE "VOC_REPORTTYPE" MODIFY ("SESSION_BEAN_ID" NOT NULL ENABLE);
 
  ALTER TABLE "VOC_REPORTTYPE" ADD PRIMARY KEY ("ID") ENABLE;
 
  ALTER TABLE "VOC_REPORTTYPE" ADD UNIQUE ("REPORTTYPE_NAME") ENABLE;

--------------------------------------------------------
--  DDL for Table VOC_REPORTS
--------------------------------------------------------

  CREATE TABLE "VOC_REPORTS" 
   (	"REPORTID" NUMBER(19,0), 
	"VERSION" NUMBER(10,0), 
	"NAME" NVARCHAR2(50), 
	"INTERVAL" NUMBER(10,0), 
	"REPORTTYPE" NUMBER(19,0), 
	"FORMAT" NUMBER(10,0), 
	"FREQUENCY" NUMBER(10,0), 
	"SUBJECT" NVARCHAR2(50), 
	"EMAILS" NVARCHAR2(255), 
	"TIME" DATE, 
	"LASTRUN" DATE
   ) ;
    

--------------------------------------------------------
--  Constraints for Table VOC_REPORTS
--------------------------------------------------------

  ALTER TABLE "VOC_REPORTS" MODIFY ("REPORTID" NOT NULL ENABLE);
 
  ALTER TABLE "VOC_REPORTS" MODIFY ("VERSION" NOT NULL ENABLE);
 
  ALTER TABLE "VOC_REPORTS" MODIFY ("NAME" NOT NULL ENABLE);
 
  ALTER TABLE "VOC_REPORTS" MODIFY ("INTERVAL" NOT NULL ENABLE);
 
  ALTER TABLE "VOC_REPORTS" MODIFY ("REPORTTYPE" NOT NULL ENABLE);
 
  ALTER TABLE "VOC_REPORTS" MODIFY ("FORMAT" NOT NULL ENABLE);
 
  ALTER TABLE "VOC_REPORTS" MODIFY ("FREQUENCY" NOT NULL ENABLE);
 
  ALTER TABLE "VOC_REPORTS" ADD PRIMARY KEY ("REPORTID") ENABLE;
  
  
--------------------------------------------------------
--  Ref Constraints for Table VOC_REPORTS
--------------------------------------------------------

  ALTER TABLE "VOC_REPORTS" ADD CONSTRAINT "FKB187574A96D14234" FOREIGN KEY ("REPORTTYPE")
	  REFERENCES "VOC_REPORTTYPE" ("ID") ENABLE;
 

--------------------------------------------------------
--  DDL for Table VOC_REPORTTYPE_PARAMETER
--------------------------------------------------------

  CREATE TABLE "VOC_REPORTTYPE_PARAMETER" 
   (	"ID" NUMBER(19,0), 
	"REPORTTYPE_ID" NUMBER(19,0), 
	"PARAMETER_NAME" NVARCHAR2(50), 
	"DEFAULT_VALUE" NVARCHAR2(1000), 
	"VALIDATION_FUNCTION" NVARCHAR2(100), 
	"DESCRIPTION" NVARCHAR2(50), 
	"FIELD_TYPE" NUMBER(10,0), 
	"SERVICE_NAME" NVARCHAR2(100), 
	"SERVICE_METHOD" NVARCHAR2(50), 
	"DISPLAY_MEMBER" NVARCHAR2(50), 
	"DATA_MEMBER" NVARCHAR2(50), 
	"PROMPT_ORDER" NUMBER(5,0), 
	"IS_REQUIRED" NUMBER(1,0), 
	"MAXLENGTH" NVARCHAR2(255)
   ) ;
 

--------------------------------------------------------
--  Constraints for Table VOC_REPORTTYPE_PARAMETER
--------------------------------------------------------

  ALTER TABLE "VOC_REPORTTYPE_PARAMETER" MODIFY ("ID" NOT NULL ENABLE);
 
  ALTER TABLE "VOC_REPORTTYPE_PARAMETER" MODIFY ("REPORTTYPE_ID" NOT NULL ENABLE);
 
  ALTER TABLE "VOC_REPORTTYPE_PARAMETER" MODIFY ("PARAMETER_NAME" NOT NULL ENABLE);
 
  ALTER TABLE "VOC_REPORTTYPE_PARAMETER" MODIFY ("FIELD_TYPE" NOT NULL ENABLE);
 
  ALTER TABLE "VOC_REPORTTYPE_PARAMETER" MODIFY ("IS_REQUIRED" NOT NULL ENABLE);
 
  ALTER TABLE "VOC_REPORTTYPE_PARAMETER" ADD PRIMARY KEY ("ID") ENABLE;
 

--------------------------------------------------------
--  Ref Constraints for Table VOC_REPORTTYPE_PARAMETER
--------------------------------------------------------

  ALTER TABLE "VOC_REPORTTYPE_PARAMETER" ADD CONSTRAINT "FK853F878D58A22052" FOREIGN KEY ("REPORTTYPE_ID")
	  REFERENCES "VOC_REPORTTYPE" ("ID") ENABLE;
 
DROP TABLE VOC_REPORT_PARAMETER;

  CREATE TABLE "VOC_REPORT_PARAMETER"
   (	"ID" NUMBER(19,0) NOT NULL ENABLE,
	"REPORTTYPEPARAMETER" NUMBER(19,0) NOT NULL ENABLE,
	"VALUE" NVARCHAR2(50),
	"REPORT_ID" NUMBER(19,0),
	 PRIMARY KEY ("ID")
  USING INDEX PCTFREE 10 INITRANS 2 MAXTRANS 255 COMPUTE STATISTICS
  STORAGE(INITIAL 65536 NEXT 1048576 MINEXTENTS 1 MAXEXTENTS 2147483645
  PCTINCREASE 0 FREELISTS 1 FREELIST GROUPS 1 BUFFER_POOL DEFAULT)
  TABLESPACE "SYSTEM"  ENABLE,
	 CONSTRAINT "FK7C71933E81FCA72" FOREIGN KEY ("REPORT_ID")
	  REFERENCES "VOC_REPORTS" ("REPORTID") ENABLE,
	 CONSTRAINT "FK_REPORTTYPE_VLREPORTPARAM" FOREIGN KEY ("REPORTTYPEPARAMETER")
	  REFERENCES "VOC_REPORTTYPE_PARAMETER" ("ID") ENABLE
   ) PCTFREE 10 PCTUSED 40 INITRANS 1 MAXTRANS 255 NOCOMPRESS LOGGING
  STORAGE(INITIAL 65536 NEXT 1048576 MINEXTENTS 1 MAXEXTENTS 2147483645
  PCTINCREASE 0 FREELISTS 1 FREELIST GROUPS 1 BUFFER_POOL DEFAULT)
  TABLESPACE "SYSTEM" ;
 
 DROP TABLE "VOC_REPORT";
--------------------------------------------------------
--  DDL for Table VOC_REPORT_TAG
--------------------------------------------------------

  CREATE TABLE "VOC_REPORT_TAG" 
   (	"TAGGED_ID" NUMBER(19,0), 
	"TAG_ID" NUMBER(19,0)
   ) ;
 

--------------------------------------------------------
--  Constraints for Table VOC_REPORT_TAG
--------------------------------------------------------

  ALTER TABLE "VOC_REPORT_TAG" MODIFY ("TAGGED_ID" NOT NULL ENABLE);
 
  ALTER TABLE "VOC_REPORT_TAG" MODIFY ("TAG_ID" NOT NULL ENABLE);
 
  ALTER TABLE "VOC_REPORT_TAG" ADD PRIMARY KEY ("TAGGED_ID", "TAG_ID") ENABLE;
 

--------------------------------------------------------
--  Ref Constraints for Table VOC_REPORT_TAG
--------------------------------------------------------

  ALTER TABLE "VOC_REPORT_TAG" ADD CONSTRAINT "FK34BF94A43EF30942" FOREIGN KEY ("TAG_ID")
	  REFERENCES "VOC_TAG" ("ID") ENABLE;
 
  ALTER TABLE "VOC_REPORT_TAG" ADD CONSTRAINT "FK34BF94A486A6A33A" FOREIGN KEY ("TAGGED_ID")
	  REFERENCES "VOC_REPORTS" ("REPORTID") ENABLE;
 





alter table VOC_ROLE_TO_FEATURE drop constraint FK17DCDF26241ED7C2;
  ALTER TABLE "VOC_ROLE_TO_FEATURE" ADD CONSTRAINT "FK17DCDF26241ED7C2" FOREIGN KEY ("FEATURE_ID")
	  REFERENCES "VOC_FEATURE" ("ID") ENABLE;
 
alter table VOC_ROLE_TO_FEATURE drop constraint FK17DCDF264DCDD932;
  ALTER TABLE "VOC_ROLE_TO_FEATURE" ADD CONSTRAINT "FK17DCDF264DCDD932" FOREIGN KEY ("ROLE_ID")
	  REFERENCES "VOC_ROLE" ("ID") ENABLE;
    


alter table VOC_SITE drop constraint FK7FFEBD9CD458CE41;
  ALTER TABLE "VOC_SITE" ADD CONSTRAINT "FK7FFEBD9CD458CE41" FOREIGN KEY ("RESTRICTEDUSER_ID")
	  REFERENCES "VOC_NETWORKCREDENTIALS" ("ACTIONITEMID") ENABLE;
 
alter table VOC_SITE drop constraint FK7FFEBD9CB979502E;
  ALTER TABLE "VOC_SITE" ADD CONSTRAINT "FK7FFEBD9CB979502E" FOREIGN KEY ("SERVERCREDENTIALS_ID")
	  REFERENCES "VOC_NETWORKCREDENTIALS" ("ACTIONITEMID") ENABLE;
 
alter table VOC_SITE drop constraint FK7FFEBD9CEA320F22;
  ALTER TABLE "VOC_SITE" ADD CONSTRAINT "FK7FFEBD9CEA320F22" FOREIGN KEY ("SITEWIDEUSER_ID")
	  REFERENCES "VOC_NETWORKCREDENTIALS" ("ACTIONITEMID") ENABLE;
 
alter table VOC_SITE drop constraint FK7FFEBD9C7E140FE8;
  ALTER TABLE "VOC_SITE" ADD CONSTRAINT "FK7FFEBD9C7E140FE8" FOREIGN KEY ("LDAPCONFIG_ID")
	  REFERENCES "VOC_LDAPCONFIGURATION" ("LDAPCONFIGURATIONID") ENABLE;
 
alter table "VOC_SITE" add "SHIFTSTARTTIME" NVARCHAR2(5) DEFAULT '00:00' NOT NULL;
alter table "VOC_SITE" modify ( "NAME" NVARCHAR2(255) );



alter table VOC_SUMMARIES_EXTRA_PARAMS drop constraint FK3097E545BC91011C;
  ALTER TABLE "VOC_SUMMARIES_EXTRA_PARAMS" ADD CONSTRAINT "FK3097E545BC91011C" FOREIGN KEY ("ID")
	  REFERENCES "VOC_SUMMARIES" ("ID") ENABLE;
 








alter table VOC_TIMEWINDOW drop constraint FK2DB62B9216D0F6D2;
  ALTER TABLE "VOC_TIMEWINDOW" ADD CONSTRAINT "FK2DB62B9216D0F6D2" FOREIGN KEY ("VIEW_ID")
	  REFERENCES "VOC_VIEW" ("ID") ENABLE;
 
alter table VOC_TIMEWINDOW drop constraint FK2DB62B92F2F89D12;
  ALTER TABLE "VOC_TIMEWINDOW" ADD CONSTRAINT "FK2DB62B92F2F89D12" FOREIGN KEY ("USER_ID")
	  REFERENCES "VOC_USER" ("ID") ENABLE;
 




alter table VOC_USER_COLUMN drop constraint FK4D5D6255F2F89D12;
  ALTER TABLE "VOC_USER_COLUMN" ADD CONSTRAINT "FK4D5D6255F2F89D12" FOREIGN KEY ("USER_ID")
	  REFERENCES "VOC_USER" ("ID") ENABLE;
 
alter table VOC_USER_COLUMN drop constraint FK4D5D625564367F32;
  ALTER TABLE "VOC_USER_COLUMN" ADD CONSTRAINT "FK4D5D625564367F32" FOREIGN KEY ("COLUMN_ID")
	  REFERENCES "VOC_COLUMN" ("ID") ENABLE;
 


alter table VOC_USER_PROPERTIES drop constraint FK6FE84B2C9E8E129;
  ALTER TABLE "VOC_USER_PROPERTIES" ADD CONSTRAINT "FK6FE84B2C9E8E129" FOREIGN KEY ("USERID")
	  REFERENCES "VOC_USER" ("ID") ENABLE;
 


alter table VOC_USER_TAG drop constraint FK88FAA8FB3EF30942;
  ALTER TABLE "VOC_USER_TAG" ADD CONSTRAINT "FK88FAA8FB3EF30942" FOREIGN KEY ("TAG_ID")
	  REFERENCES "VOC_TAG" ("ID") ENABLE;
 
alter table VOC_USER_TAG drop constraint FK88FAA8FB853527D1;
  ALTER TABLE "VOC_USER_TAG" ADD CONSTRAINT "FK88FAA8FB853527D1" FOREIGN KEY ("TAGGED_ID")
	  REFERENCES "VOC_USER" ("ID") ENABLE;
 


alter table VOC_USER_TO_ROLE drop constraint FKE0E0509B4DCDD932;
  ALTER TABLE "VOC_USER_TO_ROLE" ADD CONSTRAINT "FKE0E0509B4DCDD932" FOREIGN KEY ("ROLE_ID")
	  REFERENCES "VOC_ROLE" ("ID") ENABLE;
 
alter table VOC_USER_TO_ROLE drop constraint FKE0E0509BF2F89D12;
  ALTER TABLE "VOC_USER_TO_ROLE" ADD CONSTRAINT "FKE0E0509BF2F89D12" FOREIGN KEY ("USER_ID")
	  REFERENCES "VOC_USER" ("ID") ENABLE;
 


alter table VOC_USER_TO_SITE drop constraint FKE0E0AF6CF2F89D12;
  ALTER TABLE "VOC_USER_TO_SITE" ADD CONSTRAINT "FKE0E0AF6CF2F89D12" FOREIGN KEY ("USER_ID")
	  REFERENCES "VOC_USER" ("ID") ENABLE;
 
alter table VOC_USER_TO_SITE drop constraint FKE0E0AF6C78E81B92;
  ALTER TABLE "VOC_USER_TO_SITE" ADD CONSTRAINT "FKE0E0AF6C78E81B92" FOREIGN KEY ("SITE_ID")
	  REFERENCES "VOC_SITE" ("SITEID") ENABLE;
 
--------------------------------------------------------
--  DDL for Index IX_CHARTSETTINGS_CHART
--------------------------------------------------------

  CREATE INDEX "IX_CHARTSETTINGS_CHART" ON "VOC_CHART_SETTINGS" ("CHARTID") 
  ;
 

--------------------------------------------------------
--  DDL for Index IX_CHART_TYPE
--------------------------------------------------------

  CREATE INDEX "IX_CHART_TYPE" ON "VOC_CHARTS" ("CHARTTYPE") 
  ;



 
/*
This script was created by Visual Studio on 11/4/2010 at 9:40 AM.
Run this script on VL311 to make it the same as VoiceLink.
This script performs its actions in the following order:
1. Disable foreign-key constraints.
2. Perform DELETE commands. 
3. Perform UPDATE commands.
4. Perform INSERT commands.
5. Re-enable foreign-key constraints.
Please back up your target database before running this script.
*/
/*Pointer used for text / image updates. This might not be needed, but is declared here just in case*/
--DECLARE pv binary(16)
ALTER TABLE arch_pts_container_details DROP CONSTRAINT FK_ArchCont_ArchContDetail;
ALTER TABLE core_lots DROP CONSTRAINT FK_Item_Lot;
ALTER TABLE core_lots DROP CONSTRAINT FK_Location_Lot;
ALTER TABLE voc_user_to_site DROP CONSTRAINT FKE0E0AF6C78E81B92;
ALTER TABLE voc_user_to_site DROP CONSTRAINT FKE0E0AF6CF2F89D12;
ALTER TABLE replen_regions DROP CONSTRAINT FKC056CF18630F1E6B;
ALTER TABLE voc_notificationdetail DROP CONSTRAINT FKCFDAA91BC355A75;
ALTER TABLE voc_operator_tag DROP CONSTRAINT FKC4CDDED43EF30942;
ALTER TABLE voc_operator_tag DROP CONSTRAINT FKC4CDDED48BBBC9B5;
ALTER TABLE pts_container_tag DROP CONSTRAINT FK248A498C183A1D0;
ALTER TABLE pts_container_tag DROP CONSTRAINT FK248A498C3EF30942;
ALTER TABLE voc_role_to_feature DROP CONSTRAINT FK17DCDF26241ED7C2;
ALTER TABLE voc_role_to_feature DROP CONSTRAINT FK17DCDF264DCDD932;
ALTER TABLE sel_assignment_containers DROP CONSTRAINT FK_Assignments_Containers;
ALTER TABLE sel_assignment_containers DROP CONSTRAINT FK_Containers_Assignments;
ALTER TABLE core_breaktype_tag DROP CONSTRAINT FK8F877A743EF30942;
ALTER TABLE core_breaktype_tag DROP CONSTRAINT FK8F877A74D1BD43F;
ALTER TABLE voc_device_tag DROP CONSTRAINT FKF030FCC63EF30942;
ALTER TABLE voc_device_tag DROP CONSTRAINT FKF030FCC6DB9C1FE7;
ALTER TABLE voc_user_column DROP CONSTRAINT FK4D5D625564367F32;
ALTER TABLE voc_user_column DROP CONSTRAINT FK4D5D6255F2F89D12;
ALTER TABLE lineload_regions DROP CONSTRAINT FK417D3F9A630F1E6B;
ALTER TABLE replen_replenishment_det_tag DROP CONSTRAINT FK9983AF0C3B598268;
ALTER TABLE replen_replenishment_det_tag DROP CONSTRAINT FK9983AF0C3EF30942;
ALTER TABLE core_lot_tag DROP CONSTRAINT FK723AC90C38B884B7;
ALTER TABLE core_lot_tag DROP CONSTRAINT FK723AC90C3EF30942;
ALTER TABLE replen_replenishment_tag DROP CONSTRAINT FK2FD8BC383EF30942;
ALTER TABLE replen_replenishment_tag DROP CONSTRAINT FK2FD8BC3878DBD0B7;
ALTER TABLE putaway_license_detail_tag DROP CONSTRAINT FK930D826C3EF30942;
ALTER TABLE putaway_license_detail_tag DROP CONSTRAINT FK930D826CA8E8E49E;
ALTER TABLE core_location_item_tag DROP CONSTRAINT FKF0D0A5183EF30942;
ALTER TABLE core_location_item_tag DROP CONSTRAINT FKF0D0A5186F29E79E;
ALTER TABLE core_printer_tag DROP CONSTRAINT FKC5A2B155305E9D80;
ALTER TABLE core_printer_tag DROP CONSTRAINT FKC5A2B1553EF30942;
ALTER TABLE replen_replenishment_details DROP CONSTRAINT FK_Location_ReplenishDetail;
ALTER TABLE replen_replenishment_details DROP CONSTRAINT FK_Operator_ReplenishDetail;
ALTER TABLE replen_replenishment_details DROP CONSTRAINT FK_ReasonCode_ReplenishDetail;
ALTER TABLE replen_replenishment_details DROP CONSTRAINT FK_Replenish_ReplenishDetail;
ALTER TABLE core_item_tag DROP CONSTRAINT FK8D1D4D0E3EF30942;
ALTER TABLE core_item_tag DROP CONSTRAINT FK8D1D4D0EC2569E49;
ALTER TABLE arch_sel_containers DROP CONSTRAINT FK_Arch_Assignment_Arch_cont;
ALTER TABLE voc_homepage_access_summaries DROP CONSTRAINT FK789FEEA56A944441;
ALTER TABLE voc_homepage_access_summaries DROP CONSTRAINT FK789FEEA5E5EF59C2;
ALTER TABLE core_workgroup_tag DROP CONSTRAINT FKFAFE69493EF30942;
ALTER TABLE core_workgroup_tag DROP CONSTRAINT FKFAFE6949BFAC0174;
ALTER TABLE voc_user_properties DROP CONSTRAINT FK6FE84B2C9E8E129;
ALTER TABLE core_operators_operatorTeams DROP CONSTRAINT FK_Operators_OperatorTeams;
ALTER TABLE core_operators_operatorTeams DROP CONSTRAINT FK_OperatorTeams_Operators;
ALTER TABLE voc_reportType_parameter DROP CONSTRAINT FK853F878D58A22052;
ALTER TABLE arch_pts_put_details DROP CONSTRAINT FK_Archive_Put_PutDetails;
ALTER TABLE voc_user_tag DROP CONSTRAINT FK88FAA8FB3EF30942;
ALTER TABLE voc_user_tag DROP CONSTRAINT FK88FAA8FB853527D1;
ALTER TABLE pts_customer_location_tag DROP CONSTRAINT FK3C355813EF30942;
ALTER TABLE pts_customer_location_tag DROP CONSTRAINT FK3C3558173697EE0;
ALTER TABLE sel_sum_prompt_loc DROP CONSTRAINT FK_SumPromptDef_SumPromptLoc;
ALTER TABLE sel_sum_prompt_tag DROP CONSTRAINT FKDF7B73383EF30942;
ALTER TABLE sel_sum_prompt_tag DROP CONSTRAINT FKDF7B7338E9E659E5;
ALTER TABLE sel_container_tag DROP CONSTRAINT FK69FBFBB73EF30942;
ALTER TABLE sel_container_tag DROP CONSTRAINT FK69FBFBB7EE18CC3C;
ALTER TABLE voc_homepage_summaries DROP CONSTRAINT FKBA3C05486A944441;
ALTER TABLE core_reason_codes_tag DROP CONSTRAINT FKB6A508663EF30942;
ALTER TABLE core_reason_codes_tag DROP CONSTRAINT FKB6A508665850A787;
ALTER TABLE pts_put_tag DROP CONSTRAINT FKEF937D1A207FBD1E;
ALTER TABLE pts_put_tag DROP CONSTRAINT FKEF937D1A3EF30942;
ALTER TABLE sel_containers DROP CONSTRAINT FK_ContainerType_Containers;
ALTER TABLE pts_container_details DROP CONSTRAINT FK_Container_ContainerDetails;
ALTER TABLE pts_container_details DROP CONSTRAINT FK_Item_ContDetail;
ALTER TABLE pts_container_details DROP CONSTRAINT FK_Operator_ContainerDetails;
ALTER TABLE pts_container_details DROP CONSTRAINT FK_Region_ContDetail;
ALTER TABLE pts_containers DROP CONSTRAINT FK_CustomerLoc_PtsContainers;
ALTER TABLE voc_filter DROP CONSTRAINT FK6513688D16D0F6D2;
ALTER TABLE voc_filter DROP CONSTRAINT FK6513688DF2F89D12;
ALTER TABLE voc_summaries_extra_params DROP CONSTRAINT FK3097E545BC91011C;
ALTER TABLE voc_chart_settings DROP CONSTRAINT FK_Chart_ChartSettings;
ALTER TABLE voc_chart_settings DROP CONSTRAINT FKAB10C779C9E8E129;
ALTER TABLE voc_report_parameter DROP CONSTRAINT FK7C71933E81FCA72;
ALTER TABLE core_region_tag DROP CONSTRAINT FKB8B2786F15AC502A;
ALTER TABLE core_region_tag DROP CONSTRAINT FKB8B2786F3EF30942;
ALTER TABLE core_devices DROP CONSTRAINT FK_DeviceCommon_Device;
ALTER TABLE core_devices DROP CONSTRAINT FK_Operator_Devices;
ALTER TABLE pts_regions DROP CONSTRAINT FK3D5FB2AF630F1E6B;
ALTER TABLE voc_homepage DROP CONSTRAINT FK7BE97BC3F2F89D12;
ALTER TABLE arch_pts_license_labor DROP CONSTRAINT FK_ArchPtsLic_ArchPtsLicLabors;
ALTER TABLE sel_del_loc_map_setting_tag DROP CONSTRAINT FK13B18B03EF30942;
ALTER TABLE sel_del_loc_map_setting_tag DROP CONSTRAINT FK13B18B0F99B85CC;
ALTER TABLE core_work_group_func_regions DROP CONSTRAINT FK_Regions_WorkgroupFuncs;
ALTER TABLE core_work_group_func_regions DROP CONSTRAINT FK_WorkgroupFuncs_Regions;
ALTER TABLE core_work_group_functions DROP CONSTRAINT FK_TFunctions_WGFunctions;
ALTER TABLE core_work_group_functions DROP CONSTRAINT FK_WG_WGFunctions;
ALTER TABLE putaway_license_details DROP CONSTRAINT FK_License_LicenseDetail;
ALTER TABLE putaway_license_details DROP CONSTRAINT FK_Location_PutLocation;
ALTER TABLE putaway_license_details DROP CONSTRAINT FK_Location_StartLocation;
ALTER TABLE putaway_license_details DROP CONSTRAINT FK_Operator_LicenseDetail;
ALTER TABLE putaway_license_details DROP CONSTRAINT FK_ReasonCode_LicenseDetail;
ALTER TABLE sel_pick_import_data DROP CONSTRAINT FK_Assignment_Picks_Import;
ALTER TABLE pts_put_details DROP CONSTRAINT FK_Operator_PutDetails;
ALTER TABLE pts_put_details DROP CONSTRAINT FK_Put_PutDetails;
ALTER TABLE replen_replenishments DROP CONSTRAINT FK_Item_Replenishment;
ALTER TABLE replen_replenishments DROP CONSTRAINT FK_Location_FromLocation;
ALTER TABLE replen_replenishments DROP CONSTRAINT FK_Location_ToLocation;
ALTER TABLE replen_replenishments DROP CONSTRAINT FK_Operator_Replenishment;
ALTER TABLE replen_replenishments DROP CONSTRAINT FK_Region_Replenishment;
ALTER TABLE sel_assignment_labor DROP CONSTRAINT FK_Assignment_AssignLabors;
ALTER TABLE sel_assignment_labor DROP CONSTRAINT FK_Operator_AssignLabors;
ALTER TABLE sel_assignment_labor DROP CONSTRAINT FK_OperLabor_AssignLabors;
ALTER TABLE core_operator_labor_tag DROP CONSTRAINT FKBEE7D9D03EF30942;
ALTER TABLE core_operator_labor_tag DROP CONSTRAINT FKBEE7D9D0C853152;
ALTER TABLE sel_pick_details DROP CONSTRAINT FK_Container_PickDetails;
ALTER TABLE sel_pick_details DROP CONSTRAINT FK_Operator_PickDetails;
ALTER TABLE sel_pick_details DROP CONSTRAINT FK_Pick_PickDetails;
ALTER TABLE voc_feature DROP CONSTRAINT FK35EB80819FA773C;
ALTER TABLE lineload_carton_tag DROP CONSTRAINT FK297726DF3EF30942;
ALTER TABLE lineload_carton_tag DROP CONSTRAINT FK297726DF7DC0AB44;
ALTER TABLE sel_regions DROP CONSTRAINT FK_ChaseProfile_Regions;
ALTER TABLE sel_regions DROP CONSTRAINT FK_NormalProfile_Regions;
ALTER TABLE sel_regions DROP CONSTRAINT FK_SumPromptChase_Regions;
ALTER TABLE sel_regions DROP CONSTRAINT FK_SumPromptNormal_Regions;
ALTER TABLE sel_regions DROP CONSTRAINT FK9DE1211A630F1E6B;
ALTER TABLE voc_plugin_components DROP CONSTRAINT FK6657CF6D6B008C44;
ALTER TABLE voc_plugin_components DROP CONSTRAINT FK6657CF6D8D0424EE;
ALTER TABLE voc_user_to_role DROP CONSTRAINT FKE0E0509B4DCDD932;
ALTER TABLE voc_user_to_role DROP CONSTRAINT FKE0E0509BF2F89D12;
ALTER TABLE voc_site DROP CONSTRAINT FK7FFEBD9C7E140FE8;
ALTER TABLE voc_site DROP CONSTRAINT FK7FFEBD9CB979502E;
ALTER TABLE voc_site DROP CONSTRAINT FK7FFEBD9CD458CE41;
ALTER TABLE voc_site DROP CONSTRAINT FK7FFEBD9CEA320F22;
ALTER TABLE putaway_regions DROP CONSTRAINT FK2FD2083D630F1E6B;
ALTER TABLE voc_notification_tag DROP CONSTRAINT FK4500111B3EF30942;
ALTER TABLE voc_notification_tag DROP CONSTRAINT FK4500111B51FE0CF1;
ALTER TABLE pts_customer_locations DROP CONSTRAINT FK_Location_CustomerLocation;
ALTER TABLE core_location_items DROP CONSTRAINT FK_LocationItem_Item;
ALTER TABLE core_location_items DROP CONSTRAINT FK_LocationItem_Location;
ALTER TABLE lineload_pallet_tag DROP CONSTRAINT FK69FD15003EF30942;
ALTER TABLE lineload_pallet_tag DROP CONSTRAINT FK69FD150093ECD1E5;
ALTER TABLE core_operator_regions DROP CONSTRAINT FK_Regions_Operators;
ALTER TABLE core_operator_regions DROP CONSTRAINT FKF36FA8045DEEFBCB;
ALTER TABLE putaway_licenses DROP CONSTRAINT FK_Item_License;
ALTER TABLE putaway_licenses DROP CONSTRAINT FK_Location_License;
ALTER TABLE putaway_licenses DROP CONSTRAINT FK_Operator_License;
ALTER TABLE putaway_licenses DROP CONSTRAINT FK_Region_License;
ALTER TABLE sel_sum_prompt_def DROP CONSTRAINT FK_PromptItem_SummaryPromptDef;
ALTER TABLE sel_sum_prompt_def DROP CONSTRAINT FK_SumPrompt_SumPromptDef;
ALTER TABLE lineload_carton_detail_tag DROP CONSTRAINT FK93EA47C736817F35;
ALTER TABLE lineload_carton_detail_tag DROP CONSTRAINT FK93EA47C73EF30942;
ALTER TABLE lineload_carton_details DROP CONSTRAINT FK_carton_cartonDetail;
ALTER TABLE lineload_carton_details DROP CONSTRAINT FK_Operator_cartonDetail;
ALTER TABLE lineload_carton_details DROP CONSTRAINT FK_pallet_cartonDetail;
ALTER TABLE core_location_tag DROP CONSTRAINT FK9F5100B03EF30942;
ALTER TABLE core_location_tag DROP CONSTRAINT FK9F5100B076494EEB;
ALTER TABLE lineload_route_stop_tag DROP CONSTRAINT FK133EEB183EF30942;
ALTER TABLE lineload_route_stop_tag DROP CONSTRAINT FK133EEB1857ECE1E2;
ALTER TABLE pts_licenses DROP CONSTRAINT FK_Operator_Put_Licenses;
ALTER TABLE pts_licenses DROP CONSTRAINT FK_Region_Put_Licenses;
ALTER TABLE pts_license_labor DROP CONSTRAINT FK_Operator_PtsLicenseLabors;
ALTER TABLE pts_license_labor DROP CONSTRAINT FK_OperLabor_PtsLicenseLabors;
ALTER TABLE pts_license_labor DROP CONSTRAINT FK_PtsLicense_PtsLicenseLabors;
ALTER TABLE voc_filter_criterion DROP CONSTRAINT FK120AE56F1C17A2E2;
ALTER TABLE voc_filter_criterion DROP CONSTRAINT FK120AE56F1D4606E2;
ALTER TABLE voc_filter_criterion DROP CONSTRAINT FK120AE56F64367F32;
ALTER TABLE voc_column DROP CONSTRAINT FK6049706B16D0F6D2;
ALTER TABLE voc_column DROP CONSTRAINT FK6049706B971DA1E7;
ALTER TABLE putaway_license_tag DROP CONSTRAINT FKA1266BDA3EF30942;
ALTER TABLE putaway_license_tag DROP CONSTRAINT FKA1266BDA9556936D;
ALTER TABLE lineload_cartons DROP CONSTRAINT FK_Operator_cartons;
ALTER TABLE lineload_cartons DROP CONSTRAINT FK_Pallet_Carton;
ALTER TABLE lineload_cartons DROP CONSTRAINT FK_RouteStop_Cartons;
ALTER TABLE sel_assignment_tag DROP CONSTRAINT FKBDF179AD3EF30942;
ALTER TABLE sel_assignment_tag DROP CONSTRAINT FKBDF179ADED83D64E;
ALTER TABLE pts_puts DROP CONSTRAINT FK_Customer_Location_Puts;
ALTER TABLE pts_puts DROP CONSTRAINT FK_Item_Puts;
ALTER TABLE pts_puts DROP CONSTRAINT FK_License_Puts;
ALTER TABLE pts_puts DROP CONSTRAINT FK_Operator_Puts;
ALTER TABLE sel_region_profiles DROP CONSTRAINT FK_ContainerType_RegProfiles;
ALTER TABLE sel_assignments DROP CONSTRAINT FK_Operator_Assignments;
ALTER TABLE sel_assignments DROP CONSTRAINT FK_Region_Assignments;
ALTER TABLE core_operators DROP CONSTRAINT FK_AssignedRegion_Operators;
ALTER TABLE core_operators DROP CONSTRAINT FK_CurrentRegion_Operators;
ALTER TABLE core_operators DROP CONSTRAINT FK_LastLocation_Operators;
ALTER TABLE core_operators DROP CONSTRAINT FK_OperatorCommon_VLOperator;
ALTER TABLE core_operators DROP CONSTRAINT FK_TaskFunction_Operators;
ALTER TABLE core_operators DROP CONSTRAINT FK_Workgroup_Operators;
ALTER TABLE arch_pts_puts DROP CONSTRAINT FK_Arch_PtsLic_Arch_Puts;
ALTER TABLE voc_timewindow DROP CONSTRAINT FK2DB62B9216D0F6D2;
ALTER TABLE voc_timewindow DROP CONSTRAINT FK2DB62B92F2F89D12;
ALTER TABLE arch_sel_assignment_labor DROP CONSTRAINT FK_ArchAssign_AssignLabors;
ALTER TABLE arch_sel_pick_details DROP CONSTRAINT FK_ArchContnr_ArchPickDtls;
ALTER TABLE arch_sel_pick_details DROP CONSTRAINT FK_ArchPick_ArchPickDetails;
ALTER TABLE arch_sel_picks DROP CONSTRAINT FK_Arch_Assignment_Arch_Picks;
ALTER TABLE lineload_pallets DROP CONSTRAINT FK_RouteStop_Pallet;
ALTER TABLE lineload_route_stops DROP CONSTRAINT FK_Region_RouteStops;
ALTER TABLE core_operatorTeam_tag DROP CONSTRAINT FKC68E681C3EF30942;
ALTER TABLE core_operatorTeam_tag DROP CONSTRAINT FKC68E681C6CAD2857;
ALTER TABLE sel_del_loc_mappings_tag DROP CONSTRAINT FKDA7354D8158AFDC0;
ALTER TABLE sel_del_loc_mappings_tag DROP CONSTRAINT FKDA7354D83EF30942;
ALTER TABLE voc_report_tag DROP CONSTRAINT FK34BF94A43EF30942;
ALTER TABLE voc_report_tag DROP CONSTRAINT FK34BF94A486A6A33A;
ALTER TABLE voc_reports DROP CONSTRAINT FKB187574A96D14234;
ALTER TABLE core_operator_labor DROP CONSTRAINT FK_BreakType_OperLabors;
ALTER TABLE core_operator_labor DROP CONSTRAINT FK_Operator_OperLabors;
ALTER TABLE core_operator_labor DROP CONSTRAINT FK_OperLabor_OperLabors;
ALTER TABLE core_operator_labor DROP CONSTRAINT FK_Region_OperatorLabors;
ALTER TABLE pts_puts_import_data DROP CONSTRAINT FK_License_Puts_Import;
ALTER TABLE pts_license_tag DROP CONSTRAINT FK82158D4C365205D0;
ALTER TABLE pts_license_tag DROP CONSTRAINT FK82158D4C3EF30942;
ALTER TABLE sel_pick_tag DROP CONSTRAINT FK1B5B30C13EF30942;
ALTER TABLE sel_pick_tag DROP CONSTRAINT FK1B5B30C1C4D491E2;
ALTER TABLE sel_picks DROP CONSTRAINT FK_Assignment_Picks;
ALTER TABLE sel_picks DROP CONSTRAINT FK_Item_Picks;
ALTER TABLE sel_picks DROP CONSTRAINT FK_Location_Picks;
ALTER TABLE sel_picks DROP CONSTRAINT FK_Operator_Picks;
ALTER TABLE sel_picks DROP CONSTRAINT FK_OriginalPick_Picks;
UPDATE voc_system_properties SET value='1' WHERE systemPropertyId=-1005;
UPDATE voc_system_properties SET name='reportType.DefaultRenderFormat' WHERE systemPropertyId=-17;
UPDATE voc_plugin_modules SET moduleVersion='1.9', frameworkVersion='1.9' WHERE moduleId=1;
UPDATE voc_plugin_modules SET moduleVersion='1.9', frameworkVersion='1.9' WHERE moduleId=2;
UPDATE voc_plugin_modules SET moduleVersion='4.0', frameworkVersion='1.9' WHERE moduleId=101;
UPDATE voc_view SET name='report' WHERE id=-1039;
UPDATE voc_operand SET label='emptyDate', js_input_function='drawEmptyControl', hql='is null' WHERE id=-21;
UPDATE voc_column SET sortType=8, filterType=2 WHERE id=-21125;
UPDATE voc_column SET sortType=8, filterType=2 WHERE id=-21123;
UPDATE voc_column SET sortType=8, filterType=2 WHERE id=-21120;
UPDATE voc_column SET sortType=8, filterType=2 WHERE id=-21119;
UPDATE voc_column SET sortType=0 WHERE id=-21103;
UPDATE voc_column SET field='type.reportTypeNameKey', display='selection.report.view.column.type', sortType=1, required=0, displayable=1, sort_asc=1, width=110, visible=1, column_order=2, operand_type=0, display_function='displayReportTypeName' WHERE id=-13802;
UPDATE voc_column SET field='name', sortType=1, display_function=NULL, filterType=2 WHERE id=-13801;
UPDATE voc_column SET display_function='formatTime' WHERE id=-703;
UPDATE voc_column SET display_function='formatTime' WHERE id=-702;
UPDATE voc_column SET display_function='formatTime' WHERE id=-305;
UPDATE voc_column SET display_function='formatTime' WHERE id=-304;
INSERT INTO voc_tag (id, tag_type, taggable_id) VALUES (-927, 1, -927);
INSERT INTO voc_column (id, view_id, field, display, sorted, sortType, required, displayable, sort_asc, width, visible, column_order, data_type_id, operand_type, display_function, display_param, painter_function, tool_tip_function, extra_fields, extra_filter_info, filterType, filter_enum_type, option_key_prefix, filter_auto_complete_disable) VALUES (-22403, -1207, 'id', NULL, 0, 0, 1, 0, 0, 0, 0, 100, NULL, NULL, NULL, NULL, NULL, NULL, NULL, NULL, 1, NULL, NULL, NULL);
INSERT INTO voc_column (id, view_id, field, display, sorted, sortType, required, displayable, sort_asc, width, visible, column_order, data_type_id, operand_type, display_function, display_param, painter_function, tool_tip_function, extra_fields, extra_filter_info, filterType, filter_enum_type, option_key_prefix, filter_auto_complete_disable) VALUES (-22402, -1207, 'operators', 'operatorTeam.view.column.operators', 0, 0, 0, 1, 1, 300, 1, 2, NULL, 0, 'displayOperators', NULL, 'displayOperators', NULL, NULL, NULL, 0, NULL, NULL, NULL);
INSERT INTO voc_column (id, view_id, field, display, sorted, sortType, required, displayable, sort_asc, width, visible, column_order, data_type_id, operand_type, display_function, display_param, painter_function, tool_tip_function, extra_fields, extra_filter_info, filterType, filter_enum_type, option_key_prefix, filter_auto_complete_disable) VALUES (-22401, -1207, 'name', 'operatorTeam.view.column.name', 1, 1, 0, 1, 1, 200, 1, 1, NULL, 0, NULL, NULL, 'displayOperatorTeam', NULL, NULL, NULL, 1, NULL, NULL, NULL);
INSERT INTO voc_column (id, view_id, field, display, sorted, sortType, required, displayable, sort_asc, width, visible, column_order, data_type_id, operand_type, display_function, display_param, painter_function, tool_tip_function, extra_fields, extra_filter_info, filterType, filter_enum_type, option_key_prefix, filter_auto_complete_disable) VALUES (-22303, -1206, 'id', NULL, 0, 0, 1, 0, 0, 0, 0, 100, NULL, NULL, NULL, NULL, NULL, NULL, NULL, NULL, 1, NULL, NULL, NULL);
INSERT INTO voc_column (id, view_id, field, display, sorted, sortType, required, displayable, sort_asc, width, visible, column_order, data_type_id, operand_type, display_function, display_param, painter_function, tool_tip_function, extra_fields, extra_filter_info, filterType, filter_enum_type, option_key_prefix, filter_auto_complete_disable) VALUES (-22302, -1206, 'description', 'chart.view.column.description', 0, 1, 0, 1, 1, 300, 1, 2, NULL, 0, NULL, NULL, NULL, NULL, NULL, NULL, 1, NULL, NULL, NULL);
INSERT INTO voc_column (id, view_id, field, display, sorted, sortType, required, displayable, sort_asc, width, visible, column_order, data_type_id, operand_type, display_function, display_param, painter_function, tool_tip_function, extra_fields, extra_filter_info, filterType, filter_enum_type, option_key_prefix, filter_auto_complete_disable) VALUES (-22301, -1206, 'name', 'chart.view.column.name', 1, 1, 0, 1, 1, 200, 1, 1, NULL, 0, NULL, NULL, NULL, NULL, NULL, NULL, 1, NULL, NULL, NULL);
INSERT INTO voc_column (id, view_id, field, display, sorted, sortType, required, displayable, sort_asc, width, visible, column_order, data_type_id, operand_type, display_function, display_param, painter_function, tool_tip_function, extra_fields, extra_filter_info, filterType, filter_enum_type, option_key_prefix, filter_auto_complete_disable) VALUES (-13805, -1039, 'id', NULL, 0, 0, 1, 0, 0, 0, 0, 100, NULL, NULL, NULL, NULL, NULL, NULL, NULL, NULL, 2, NULL, NULL, NULL);
INSERT INTO voc_column (id, view_id, field, display, sorted, sortType, required, displayable, sort_asc, width, visible, column_order, data_type_id, operand_type, display_function, display_param, painter_function, tool_tip_function, extra_fields, extra_filter_info, filterType, filter_enum_type, option_key_prefix, filter_auto_complete_disable) VALUES (-13804, -1039, 'frequency', 'selection.report.view.column.frequency', 0, 5, 0, 1, 1, 110, 1, 4, NULL, 3, NULL, NULL, NULL, NULL, NULL, NULL, 1, NULL, NULL, NULL);
INSERT INTO voc_column (id, view_id, field, display, sorted, sortType, required, displayable, sort_asc, width, visible, column_order, data_type_id, operand_type, display_function, display_param, painter_function, tool_tip_function, extra_fields, extra_filter_info, filterType, filter_enum_type, option_key_prefix, filter_auto_complete_disable) VALUES (-13803, -1039, 'interval', 'selection.report.view.column.interval', 0, 3, 0, 1, 1, 110, 1, 3, NULL, 3, NULL, NULL, NULL, NULL, NULL, NULL, 1, NULL, NULL, NULL);
INSERT INTO voc_column (id, view_id, field, display, sorted, sortType, required, displayable, sort_asc, width, visible, column_order, data_type_id, operand_type, display_function, display_param, painter_function, tool_tip_function, extra_fields, extra_filter_info, filterType, filter_enum_type, option_key_prefix, filter_auto_complete_disable) VALUES (-10413, -1005, 'operatorTeams', 'operator.view.column.operatorTeams', 0, 0, 0, 1, 0, 0, 0, 12, NULL, 0, 'displayOperatorTeams', NULL, 'displayOperatorTeams', NULL, NULL, 'name', 1, NULL, NULL, NULL);
INSERT INTO voc_column (id, view_id, field, display, sorted, sortType, required, displayable, sort_asc, width, visible, column_order, data_type_id, operand_type, display_function, display_param, painter_function, tool_tip_function, extra_fields, extra_filter_info, filterType, filter_enum_type, option_key_prefix, filter_auto_complete_disable) VALUES (-406, -5, 'credentialAssociation', NULL, 0, 0, 1, 0, 0, 0, 0, 101, NULL, NULL, NULL, NULL, NULL, NULL, NULL, NULL, 1, NULL, NULL, NULL);
INSERT INTO voc_operand (id, label, js_input_function, type, hql) VALUES (-23, 'within', 'drawDropDownWithDates', 2, '>= {0}');
INSERT INTO voc_feature (id, name, description, read_only, group_id) VALUES (-1132, 'feature.voicelink.report.launch', NULL, 0, -1005);
INSERT INTO voc_feature (id, name, description, read_only, group_id) VALUES (-1131, 'feature.voicelink.report.schedule', NULL, 0, -1005);
INSERT INTO voc_feature (id, name, description, read_only, group_id) VALUES (-1130, 'feature.voicelink.report.create', NULL, 0, -1005);
INSERT INTO voc_feature (id, name, description, read_only, group_id) VALUES (-1129, 'feature.voicelink.report.edit', NULL, 0, -1005);
INSERT INTO voc_feature (id, name, description, read_only, group_id) VALUES (-1128, 'feature.voicelink.report.delete', NULL, 0, -1005);
INSERT INTO voc_feature (id, name, description, read_only, group_id) VALUES (-1127, 'feature.voicelink.report.view', NULL, 1, -1005);
INSERT INTO voc_feature (id, name, description, read_only, group_id) VALUES (-1126, 'feature.voicelink.operatorTeam.create', NULL, 0, -1005);
INSERT INTO voc_feature (id, name, description, read_only, group_id) VALUES (-1125, 'feature.voicelink.operatorTeam.edit', NULL, 0, -1005);
INSERT INTO voc_feature (id, name, description, read_only, group_id) VALUES (-1124, 'feature.voicelink.operatorTeam.delete', NULL, 0, -1005);
INSERT INTO voc_feature (id, name, description, read_only, group_id) VALUES (-1123, 'feature.voicelink.operatorTeam.view', NULL, 1, -1005);
INSERT INTO voc_feature (id, name, description, read_only, group_id) VALUES (-1122, 'feature.voicelink.chart.launchChart', NULL, 1, -1001);
INSERT INTO voc_feature (id, name, description, read_only, group_id) VALUES (-1121, 'feature.voicelink.chart.edit', NULL, 0, -1001);
INSERT INTO voc_feature (id, name, description, read_only, group_id) VALUES (-1120, 'feature.voicelink.chart.view', NULL, 1, -1001);
INSERT INTO voc_charts (chartId, version, chartName, chartType, title, description, categoryAxisLabel, rangeAxisLabel, datasetProviderBean, chartRendererBean) VALUES (1, 1, 'Estimated Hours Remaining', 1, 'Estimated Man Hours Remaining', 'Displays an estimate of the man-hours remaining for each region', NULL, NULL, 'hoursRemainingChartDataProvider', 'standardBarChartRenderer');
INSERT INTO voc_charts (chartId, version, chartName, chartType, title, description, categoryAxisLabel, rangeAxisLabel, datasetProviderBean, chartRendererBean) VALUES (2, 1, 'Items Picked/Remaining', 1, 'Items Picked/Remaining', 'Displays the items picked and items remaining for each region', NULL, NULL, 'casesChartDataProvider', 'standardBarChartRenderer');
INSERT INTO voc_charts (chartId, version, chartName, chartType, title, description, categoryAxisLabel, rangeAxisLabel, datasetProviderBean, chartRendererBean) VALUES (3, 1, 'Route Completion', 1, 'Route Completion Percentage', 'Displays the completion percentages of routes that are in-progress', NULL, NULL, 'routeCompletionChartDataProvider', 'standardBarChartRenderer');
INSERT INTO voc_chart_settings (chartSettingsId, version, chartId, userId, includeLegend, includeLabels, includeTooltips, renderIn3D, lowerBound, upperBound, barChartOrientation) VALUES (1, 1, 1, NULL, 0, 1, 1, 1, 0, 100, 1);
INSERT INTO voc_chart_settings (chartSettingsId, version, chartId, userId, includeLegend, includeLabels, includeTooltips, renderIn3D, lowerBound, upperBound, barChartOrientation) VALUES (2, 1, 2, NULL, 0, 1, 1, 1, 0, 100, 1);
INSERT INTO voc_chart_settings (chartSettingsId, version, chartId, userId, includeLegend, includeLabels, includeTooltips, renderIn3D, lowerBound, upperBound, barChartOrientation) VALUES (3, 1, 3, NULL, 0, 1, 1, 1, 0, 100, 1);
INSERT INTO voc_view (id, name, class_name, dataBeanName, dataMethodName) VALUES (-1207, 'operatorTeams', 'com.vocollect.voicelink.selection.model.OperatorTeam', NULL, NULL);
INSERT INTO voc_view (id, name, class_name, dataBeanName, dataMethodName) VALUES (-1206, 'charts', 'com.vocollect.voicelink.selection.model.Chart', NULL, NULL);
INSERT INTO voc_reportType_parameter (id, reportType_id, parameter_name, default_value, validation_function, description, field_type, service_name, service_method, display_member, data_member, prompt_order, is_required, maxlength) VALUES (-1503, -1500, 'CONTAINER_NUMBER', '', 'defCheck', 'puttostore.report.container.number', 0, NULL, NULL, 'name', NULL, 1, 1, NULL);
INSERT INTO voc_reportType_parameter (id, reportType_id, parameter_name, default_value, validation_function, description, field_type, service_name, service_method, display_member, data_member, prompt_order, is_required, maxlength) VALUES (-1502, -1500, 'OPERATOR_TEAM_ID', 'operatorTeams', NULL, 'puttostore.report.container.operatorteam', 3, 'operatorTeamManager', 'all', 'name', 'id', 3, 0, NULL);
INSERT INTO voc_reportType_parameter (id, reportType_id, parameter_name, default_value, validation_function, description, field_type, service_name, service_method, display_member, data_member, prompt_order, is_required, maxlength) VALUES (-1501, -1500, 'OPERATOR_ID', 'operators', '', 'puttostore.report.container.operator', 3, 'operatorManager', 'all', 'reportOperatorIdentifier', 'operatorIdentifier', 2, 0, NULL);
INSERT INTO voc_reportType_parameter (id, reportType_id, parameter_name, default_value, validation_function, description, field_type, service_name, service_method, display_member, data_member, prompt_order, is_required, maxlength) VALUES (-1402, -1400, 'OPERATOR_TEAM_ID', 'operatorTeams', NULL, 'puttostore.report.licenselabor.operatorteam', 3, 'operatorTeamManager', 'all', 'name', 'id', 2, 0, NULL);
INSERT INTO voc_reportType_parameter (id, reportType_id, parameter_name, default_value, validation_function, description, field_type, service_name, service_method, display_member, data_member, prompt_order, is_required, maxlength) VALUES (-1401, -1400, 'OPERATOR_ID', 'operators', '', 'puttostore.report.licenselabor.operator', 3, 'operatorManager', 'all', 'reportOperatorIdentifier', 'operatorIdentifier', 1, 0, NULL);
INSERT INTO voc_reportType_parameter (id, reportType_id, parameter_name, default_value, validation_function, description, field_type, service_name, service_method, display_member, data_member, prompt_order, is_required, maxlength) VALUES (-1303, -1300, 'OPERATOR_TEAM_ID', 'operatorTeams', NULL, 'puttostore.report.license.operatorteam', 3, 'operatorTeamManager', 'all', 'name', 'id', 3, 0, NULL);
INSERT INTO voc_reportType_parameter (id, reportType_id, parameter_name, default_value, validation_function, description, field_type, service_name, service_method, display_member, data_member, prompt_order, is_required, maxlength) VALUES (-1302, -1300, 'LICENSE_NUMBER', '', NULL, 'puttostore.report.license.number', 0, NULL, NULL, 'name', NULL, 1, 0, '50');
INSERT INTO voc_reportType_parameter (id, reportType_id, parameter_name, default_value, validation_function, description, field_type, service_name, service_method, display_member, data_member, prompt_order, is_required, maxlength) VALUES (-1301, -1300, 'OPERATOR_ID', 'operators', NULL, 'puttostore.report.license.operator', 3, 'operatorManager', 'all', 'reportOperatorIdentifier', 'operatorIdentifier', 2, 0, '');
INSERT INTO voc_reportType_parameter (id, reportType_id, parameter_name, default_value, validation_function, description, field_type, service_name, service_method, display_member, data_member, prompt_order, is_required, maxlength) VALUES (-1206, -1200, 'REGIO', NULL, '', 'selection.report.regionprofiles.region', 1, 'operatorPerformanceReport', 'regions', 'reportName', 'id', 2, 0, NULL);
INSERT INTO voc_reportType_parameter (id, reportType_id, parameter_name, default_value, validation_function, description, field_type, service_name, service_method, display_member, data_member, prompt_order, is_required, maxlength) VALUES (-1205, -1200, 'ACTION_TYPE', NULL, '', 'selection.report.operatorPerformance.actionType', 1, 'operatorPerformanceReport', 'functions', 'label', 'value', 1, 0, NULL);
INSERT INTO voc_reportType_parameter (id, reportType_id, parameter_name, default_value, validation_function, description, field_type, service_name, service_method, display_member, data_member, prompt_order, is_required, maxlength) VALUES (-1202, -1200, 'OPERATOR_COUNT', '10', 'isNumeric', 'selection.report.operatorPerformance.count', 0, NULL, NULL, 'name', NULL, 3, 1, '4');
INSERT INTO voc_reportType_parameter (id, reportType_id, parameter_name, default_value, validation_function, description, field_type, service_name, service_method, display_member, data_member, prompt_order, is_required, maxlength) VALUES (-1201, -1200, 'SORT_ORDER', '1', '', 'selection.report.operatorPerformance.sortOrder', 2, 'operatorPerformanceReport', 'sortOrders', 'label', 'value', 4, 0, '1');
INSERT INTO voc_reportType_parameter (id, reportType_id, parameter_name, default_value, validation_function, description, field_type, service_name, service_method, display_member, data_member, prompt_order, is_required, maxlength) VALUES (-1101, -1100, 'REGIO', NULL, '', 'selection.report.regionprofiles.region', 1, 'selectionRegionManager', 'all', 'name', 'number', 1, 0, NULL);
INSERT INTO voc_reportType_parameter (id, reportType_id, parameter_name, default_value, validation_function, description, field_type, service_name, service_method, display_member, data_member, prompt_order, is_required, maxlength) VALUES (-1001, -1000, 'LOCATION_COUNT', '10', 'isNumeric', 'selection.report.slotVisit.count', 0, NULL, NULL, 'name', NULL, 4, 1, '4');
INSERT INTO voc_reportType_parameter (id, reportType_id, parameter_name, default_value, validation_function, description, field_type, service_name, service_method, display_member, data_member, prompt_order, is_required, maxlength) VALUES (-901, -900, 'LOCATION_COUNT', '10', 'isNumeric', 'selection.report.shortedLocations.count', 0, NULL, NULL, 'name', NULL, 4, 1, '4');
INSERT INTO voc_reportType_parameter (id, reportType_id, parameter_name, default_value, validation_function, description, field_type, service_name, service_method, display_member, data_member, prompt_order, is_required, maxlength) VALUES (-804, -800, 'OPERATOR_TEAM_ID', 'operatorTeams', NULL, 'selection.report.operatorbreak.operatorteam', 3, 'operatorTeamManager', 'all', 'name', 'id', 4, 0, NULL);
INSERT INTO voc_reportType_parameter (id, reportType_id, parameter_name, default_value, validation_function, description, field_type, service_name, service_method, display_member, data_member, prompt_order, is_required, maxlength) VALUES (-803, -800, 'MIN_DURATIO', '', 'isNumeric', 'selection.report.operatorbreak.minduration', 0, NULL, NULL, 'name', NULL, 2, 1, '3');
INSERT INTO voc_reportType_parameter (id, reportType_id, parameter_name, default_value, validation_function, description, field_type, service_name, service_method, display_member, data_member, prompt_order, is_required, maxlength) VALUES (-802, -800, 'BREAK_TYPE', NULL, '', 'selection.report.operatorbreak.breaktype', 1, 'breakTypeManager', 'all', 'name', 'name', 1, 1, '');
INSERT INTO voc_reportType_parameter (id, reportType_id, parameter_name, default_value, validation_function, description, field_type, service_name, service_method, display_member, data_member, prompt_order, is_required, maxlength) VALUES (-801, -800, 'OPERATOR_ID', 'operators', '', 'selection.report.operatorbreak.operator', 3, 'operatorManager', 'all', 'reportOperatorIdentifier', 'operatorIdentifier', 3, 1, '');
INSERT INTO voc_reportType_parameter (id, reportType_id, parameter_name, default_value, validation_function, description, field_type, service_name, service_method, display_member, data_member, prompt_order, is_required, maxlength) VALUES (-715, -701, 'SHIFT_LENGTH', '8', NULL, 'selection.report.labordetail.shiftlength', 2, 'operatorLaborManager', 'shiftLengthHoursForReport', 'name', 'value', 3, 0, NULL);
INSERT INTO voc_reportType_parameter (id, reportType_id, parameter_name, default_value, validation_function, description, field_type, service_name, service_method, display_member, data_member, prompt_order, is_required, maxlength) VALUES (-714, -701, 'SHIFT_START', '00:00', NULL, 'selection.report.labordetail.shiftstarttime', 2, 'operatorLaborManager', 'shiftStartHoursForReport', 'name', 'value', 2, 0, NULL);
INSERT INTO voc_reportType_parameter (id, reportType_id, parameter_name, default_value, validation_function, description, field_type, service_name, service_method, display_member, data_member, prompt_order, is_required, maxlength) VALUES (-711, -701, 'OPERATOR_ID', 'operators', NULL, 'selection.report.labordetail.operator', 2, 'operatorManager', 'all', 'reportOperatorIdentifier', 'operatorIdentifier', 1, 0, NULL);
INSERT INTO voc_reportType_parameter (id, reportType_id, parameter_name, default_value, validation_function, description, field_type, service_name, service_method, display_member, data_member, prompt_order, is_required, maxlength) VALUES (-707, -700, 'REGIO', NULL, NULL, 'selection.report.laborsummary.region', 1, 'regionManager', 'selectionRegionsOrderByName', 'name', 'number', 4, 0, NULL);
INSERT INTO voc_reportType_parameter (id, reportType_id, parameter_name, default_value, validation_function, description, field_type, service_name, service_method, display_member, data_member, prompt_order, is_required, maxlength) VALUES (-706, -700, 'REPORT_TYPE', 'SELECTION_ONLY', NULL, 'selection.report.laborsummary.reporttype', 2, 'operatorLaborManager', 'actionTypesForReport', 'name', 'value', 3, 0, NULL);
INSERT INTO voc_reportType_parameter (id, reportType_id, parameter_name, default_value, validation_function, description, field_type, service_name, service_method, display_member, data_member, prompt_order, is_required, maxlength) VALUES (-705, -700, 'SHIFT_LENGTH', '8', NULL, 'selection.report.laborsummary.shiftlength', 2, 'operatorLaborManager', 'shiftLengthHoursForReport', 'name', 'value', 2, 0, NULL);
INSERT INTO voc_reportType_parameter (id, reportType_id, parameter_name, default_value, validation_function, description, field_type, service_name, service_method, display_member, data_member, prompt_order, is_required, maxlength) VALUES (-704, -700, 'SHIFT_START', '00:00', NULL, 'selection.report.laborsummary.shiftstarttime', 2, 'operatorLaborManager', 'shiftStartHoursForReport', 'name', 'value', 1, 0, NULL);
INSERT INTO voc_reportType_parameter (id, reportType_id, parameter_name, default_value, validation_function, description, field_type, service_name, service_method, display_member, data_member, prompt_order, is_required, maxlength) VALUES (-702, -700, 'OPERATOR_TEAM_ID', 'operatorTeams', NULL, 'selection.report.laborsummary.operatorteam', 3, 'operatorTeamManager', 'all', 'name', 'id', 6, 0, NULL);
INSERT INTO voc_reportType_parameter (id, reportType_id, parameter_name, default_value, validation_function, description, field_type, service_name, service_method, display_member, data_member, prompt_order, is_required, maxlength) VALUES (-701, -700, 'OPERATOR_ID', 'operators', NULL, 'selection.report.laborsummary.operator', 3, 'operatorManager', 'all', 'reportOperatorIdentifier', 'operatorIdentifier', 5, 0, NULL);
INSERT INTO voc_reportType_parameter (id, reportType_id, parameter_name, default_value, validation_function, description, field_type, service_name, service_method, display_member, data_member, prompt_order, is_required, maxlength) VALUES (-613, -601, 'OPERATOR_TEAM_ID', 'operatorTeams', NULL, 'puttostore.report.oepratorlabor.operatorteam', 3, 'operatorTeamManager', 'all', 'name', 'id', 3, 0, NULL);
INSERT INTO voc_reportType_parameter (id, reportType_id, parameter_name, default_value, validation_function, description, field_type, service_name, service_method, display_member, data_member, prompt_order, is_required, maxlength) VALUES (-611, -601, 'REGION_NUMBER', '', NULL, 'puttostore.report.operatorlabor.region', 0, NULL, NULL, 'name', NULL, 1, 0, NULL);
INSERT INTO voc_reportType_parameter (id, reportType_id, parameter_name, default_value, validation_function, description, field_type, service_name, service_method, display_member, data_member, prompt_order, is_required, maxlength) VALUES (-610, -601, 'OPERATOR_ID', 'operators', NULL, 'puttostore.report.operatorlabor.operator', 3, 'operatorManager', 'all', 'reportOperatorIdentifier', 'operatorIdentifier', 2, 0, NULL);
INSERT INTO voc_reportType_parameter (id, reportType_id, parameter_name, default_value, validation_function, description, field_type, service_name, service_method, display_member, data_member, prompt_order, is_required, maxlength) VALUES (-501, -500, 'PALLET_NUMBER', '', '', 'selection.report.pallet_manifest.palletNumber', 0, NULL, NULL, 'name', NULL, 2, 0, '50');
INSERT INTO voc_reportType_parameter (id, reportType_id, parameter_name, default_value, validation_function, description, field_type, service_name, service_method, display_member, data_member, prompt_order, is_required, maxlength) VALUES (-402, -400, 'OPERATOR_TEAM_ID', 'operatorTeams', NULL, 'selection.report.assignmentlabor.operatorteam', 3, 'operatorTeamManager', 'all', 'name', 'id', 2, 0, NULL);
INSERT INTO voc_reportType_parameter (id, reportType_id, parameter_name, default_value, validation_function, description, field_type, service_name, service_method, display_member, data_member, prompt_order, is_required, maxlength) VALUES (-401, -400, 'OPERATOR_ID', 'operators', '', 'selection.report.assignmentlabor.operator', 3, 'operatorManager', 'all', 'reportOperatorIdentifier', 'operatorIdentifier', 1, 0, NULL);
INSERT INTO voc_reportType_parameter (id, reportType_id, parameter_name, default_value, validation_function, description, field_type, service_name, service_method, display_member, data_member, prompt_order, is_required, maxlength) VALUES (-303, -300, 'OPERATOR_TEAM_ID', 'operatorTeams', NULL, 'selection.report.container.operatorteam', 3, 'operatorTeamManager', 'all', 'name', 'id', 3, 0, NULL);
INSERT INTO voc_reportType_parameter (id, reportType_id, parameter_name, default_value, validation_function, description, field_type, service_name, service_method, display_member, data_member, prompt_order, is_required, maxlength) VALUES (-302, -300, 'CONTAINER_NUMBER', '', NULL, 'selection.report.container.number', 0, NULL, NULL, 'name', NULL, 1, 1, NULL);
INSERT INTO voc_reportType_parameter (id, reportType_id, parameter_name, default_value, validation_function, description, field_type, service_name, service_method, display_member, data_member, prompt_order, is_required, maxlength) VALUES (-301, -300, 'OPERATOR_ID', 'operators', NULL, 'selection.report.container.operator', 3, 'operatorManager', 'all', 'reportOperatorIdentifier', 'operatorIdentifier', 2, 0, NULL);
INSERT INTO voc_reportType_parameter (id, reportType_id, parameter_name, default_value, validation_function, description, field_type, service_name, service_method, display_member, data_member, prompt_order, is_required, maxlength) VALUES (-206, -200, 'OPERATOR_TEAM_ID', 'operatorTeams', NULL, 'selection.report.assignment.operatorteam', 3, 'operatorTeamManager', 'all', 'name', 'id', 6, 0, NULL);
INSERT INTO voc_reportType_parameter (id, reportType_id, parameter_name, default_value, validation_function, description, field_type, service_name, service_method, display_member, data_member, prompt_order, is_required, maxlength) VALUES (-205, -200, 'ROUTE', '', 'defCheck', 'selection.report.assignment.route', 0, NULL, NULL, 'name', NULL, 3, 0, '50');
INSERT INTO voc_reportType_parameter (id, reportType_id, parameter_name, default_value, validation_function, description, field_type, service_name, service_method, display_member, data_member, prompt_order, is_required, maxlength) VALUES (-204, -200, 'CUSTOMER_NUMBER', '', 'defCheck', 'selection.report.assignment.customer', 0, NULL, NULL, 'name', NULL, 2, 0, '50');
INSERT INTO voc_reportType_parameter (id, reportType_id, parameter_name, default_value, validation_function, description, field_type, service_name, service_method, display_member, data_member, prompt_order, is_required, maxlength) VALUES (-203, -200, 'ASSIGNMENT_NUMBER', '', 'isNumeric', 'selection.report.assignment.number', 0, NULL, NULL, 'name', NULL, 1, 0, '18');
INSERT INTO voc_reportType_parameter (id, reportType_id, parameter_name, default_value, validation_function, description, field_type, service_name, service_method, display_member, data_member, prompt_order, is_required, maxlength) VALUES (-202, -200, 'OPERATOR_ID', 'operators', NULL, 'selection.report.assignment.operator', 3, 'operatorManager', 'all', 'reportOperatorIdentifier', 'operatorIdentifier', 5, 0, NULL);
INSERT INTO voc_reportType_parameter (id, reportType_id, parameter_name, default_value, validation_function, description, field_type, service_name, service_method, display_member, data_member, prompt_order, is_required, maxlength) VALUES (-201, -200, 'WORK_ID', '', 'defCheck', 'selection.report.assignment.workidentifier', 0, '', '', 'name', '', 4, 0, '50');
INSERT INTO voc_reportType (id, reportType_name, reportType_name_key, reportType_description, app_name, session_bean_id) VALUES (-1500, 'PutToStoreContainer', 'report.name.ptsContainers', 'Put To Store Containers report, grouped by containers and container details', 'voicelink.puttostore', 'ptsContainerReport');
INSERT INTO voc_reportType (id, reportType_name, reportType_name_key, reportType_description, app_name, session_bean_id) VALUES (-1400, 'PutToStoreLicenseLabor', 'report.name.ptsLicenseLabor', 'Put To Store license labor report of operators.', 'voicelink.puttostore', 'ptsLicenseLaborReport');
INSERT INTO voc_reportType (id, reportType_name, reportType_name_key, reportType_description, app_name, session_bean_id) VALUES (-1300, 'PtsLicense', 'report.name.ptsLicenses', 'License report grouped by licenses, containers, puts, and put details.', 'voicelink.puttostore', 'ptsLicenseReport');
INSERT INTO voc_reportType (id, reportType_name, reportType_name_key, reportType_description, app_name, session_bean_id) VALUES (-1200, 'OperatorPerformance', 'report.name.operatorPerformance', 'Operator Performance', 'voicelink.selection', 'operatorPerformanceReport');
INSERT INTO voc_reportType (id, reportType_name, reportType_name_key, reportType_description, app_name, session_bean_id) VALUES (-1100, 'RegionProfiles', 'report.name.regionProfiles', 'Region Configurations.', 'voicelink.selection', 'regionProfilesReport');
INSERT INTO voc_reportType (id, reportType_name, reportType_name_key, reportType_description, app_name, session_bean_id) VALUES (-1000, 'SlotVisit', 'report.name.slotVisit', 'Frequency of Slot Visit.', 'voicelink.selection', 'slotVisitReport');
INSERT INTO voc_reportType (id, reportType_name, reportType_name_key, reportType_description, app_name, session_bean_id) VALUES (-900, 'ShortedLocations', 'report.name.shortedLocations', 'Shorted Locations.', 'voicelink.selection', 'shortedLocationReport');
INSERT INTO voc_reportType (id, reportType_name, reportType_name_key, reportType_description, app_name, session_bean_id) VALUES (-800, 'OperatorBreaks', 'report.name.operatorBreaks', 'Break report of operators.', 'voicelink.selection', 'operatorBreakReport');
INSERT INTO voc_reportType (id, reportType_name, reportType_name_key, reportType_description, app_name, session_bean_id) VALUES (-701, 'LaborDetail', 'report.name.laborDetail', 'Labor detail report for selected operators.', 'voicelink.selection', 'laborDetailReport');
INSERT INTO voc_reportType (id, reportType_name, reportType_name_key, reportType_description, app_name, session_bean_id) VALUES (-700, 'LaborShiftSummaryReport', 'report.name.laborSummary', 'Labor summary report for selected operators.', 'voicelink.selection', 'laborShiftSummaryReport');
INSERT INTO voc_reportType (id, reportType_name, reportType_name_key, reportType_description, app_name, session_bean_id) VALUES (-601, 'PtsOperatorLabor', 'report.name.ptsOperatorLabor', 'Labor report of PTS operators.', 'voicelink.puttostore', 'ptsOperatorLaborReport');
INSERT INTO voc_reportType (id, reportType_name, reportType_name_key, reportType_description, app_name, session_bean_id) VALUES (-500, 'PalletManifest', 'report.name.palletManifest', 'Transactional report for line loading', 'task', 'sessionFactory');
INSERT INTO voc_reportType (id, reportType_name, reportType_name_key, reportType_description, app_name, session_bean_id) VALUES (-400, 'AssignmentLabor', 'report.name.selectionAssignmentLabor', 'Labor report of operators.', 'voicelink.selection', 'selectionAssignmentLaborReport');
INSERT INTO voc_reportType (id, reportType_name, reportType_name_key, reportType_description, app_name, session_bean_id) VALUES (-300, 'Container', 'report.name.selectionContainers', 'Containers report, grouped by containers, picks, and pick details', 'voicelink.selection', 'containerReport');
INSERT INTO voc_reportType (id, reportType_name, reportType_name_key, reportType_description, app_name, session_bean_id) VALUES (-200, 'Assignment', 'report.name.selectionAssignments', 'Assignment report grouped by assignments, containers, picks, and pick details.', 'voicelink.selection', 'assignmentReport');
INSERT INTO voc_role_to_feature (role_id, feature_id) VALUES (-3, -1132);
INSERT INTO voc_role_to_feature (role_id, feature_id) VALUES (-3, -1127);
INSERT INTO voc_role_to_feature (role_id, feature_id) VALUES (-3, -1123);
INSERT INTO voc_role_to_feature (role_id, feature_id) VALUES (-3, -1122);
INSERT INTO voc_role_to_feature (role_id, feature_id) VALUES (-3, -1120);
ALTER TABLE arch_pts_container_details ADD CONSTRAINT FK_ArchCont_ArchContDetail FOREIGN KEY (putContainerId) REFERENCES arch_pts_containers (containerId) ON DELETE CASCADE;
ALTER TABLE core_lots ADD CONSTRAINT FK_Item_Lot FOREIGN KEY (itemId) REFERENCES core_items (itemId) ON DELETE CASCADE;
ALTER TABLE core_lots ADD CONSTRAINT FK_Location_Lot FOREIGN KEY (locationId) REFERENCES core_locations (locationId) ON DELETE CASCADE;
ALTER TABLE voc_user_to_site ADD CONSTRAINT FKE0E0AF6C78E81B92 FOREIGN KEY (site_id) REFERENCES voc_site (siteId);
ALTER TABLE voc_user_to_site ADD CONSTRAINT FKE0E0AF6CF2F89D12 FOREIGN KEY (user_id) REFERENCES voc_user (id);
ALTER TABLE replen_regions ADD CONSTRAINT FKC056CF18630F1E6B FOREIGN KEY (regionId) REFERENCES core_regions (regionId);
ALTER TABLE voc_notificationdetail ADD CONSTRAINT FKCFDAA91BC355A75 FOREIGN KEY (notificationDetailsId) REFERENCES voc_notification (id);
ALTER TABLE voc_operator_tag ADD CONSTRAINT FKC4CDDED43EF30942 FOREIGN KEY (tag_id) REFERENCES voc_tag (id);
ALTER TABLE voc_operator_tag ADD CONSTRAINT FKC4CDDED48BBBC9B5 FOREIGN KEY (tagged_id) REFERENCES voc_operators (operatorId);
ALTER TABLE pts_container_tag ADD CONSTRAINT FK248A498C183A1D0 FOREIGN KEY (tagged_id) REFERENCES pts_containers (containerId);
ALTER TABLE pts_container_tag ADD CONSTRAINT FK248A498C3EF30942 FOREIGN KEY (tag_id) REFERENCES voc_tag (id);
ALTER TABLE voc_role_to_feature ADD CONSTRAINT FK17DCDF26241ED7C2 FOREIGN KEY (feature_id) REFERENCES voc_feature (id);
ALTER TABLE voc_role_to_feature ADD CONSTRAINT FK17DCDF264DCDD932 FOREIGN KEY (role_id) REFERENCES voc_role (id);
ALTER TABLE sel_assignment_containers ADD CONSTRAINT FK_Assignments_Containers FOREIGN KEY (assignmentId) REFERENCES sel_assignments (assignmentId);
ALTER TABLE sel_assignment_containers ADD CONSTRAINT FK_Containers_Assignments FOREIGN KEY (pickContainerId) REFERENCES sel_containers (containerId);
ALTER TABLE core_breaktype_tag ADD CONSTRAINT FK8F877A743EF30942 FOREIGN KEY (tag_id) REFERENCES voc_tag (id);
ALTER TABLE core_breaktype_tag ADD CONSTRAINT FK8F877A74D1BD43F FOREIGN KEY (tagged_id) REFERENCES core_break_types (breakTypeId);
ALTER TABLE voc_device_tag ADD CONSTRAINT FKF030FCC63EF30942 FOREIGN KEY (tag_id) REFERENCES voc_tag (id);
ALTER TABLE voc_device_tag ADD CONSTRAINT FKF030FCC6DB9C1FE7 FOREIGN KEY (tagged_id) REFERENCES voc_device (id);
ALTER TABLE voc_user_column ADD CONSTRAINT FK4D5D625564367F32 FOREIGN KEY (column_id) REFERENCES voc_column (id);
ALTER TABLE voc_user_column ADD CONSTRAINT FK4D5D6255F2F89D12 FOREIGN KEY (user_id) REFERENCES voc_user (id);
ALTER TABLE lineload_regions ADD CONSTRAINT FK417D3F9A630F1E6B FOREIGN KEY (regionId) REFERENCES core_regions (regionId);
ALTER TABLE replen_replenishment_det_tag ADD CONSTRAINT FK9983AF0C3B598268 FOREIGN KEY (tagged_id) REFERENCES replen_replenishment_details (detailId);
ALTER TABLE replen_replenishment_det_tag ADD CONSTRAINT FK9983AF0C3EF30942 FOREIGN KEY (tag_id) REFERENCES voc_tag (id);
ALTER TABLE core_lot_tag ADD CONSTRAINT FK723AC90C38B884B7 FOREIGN KEY (tagged_id) REFERENCES core_lots (lotId);
ALTER TABLE core_lot_tag ADD CONSTRAINT FK723AC90C3EF30942 FOREIGN KEY (tag_id) REFERENCES voc_tag (id);
ALTER TABLE replen_replenishment_tag ADD CONSTRAINT FK2FD8BC383EF30942 FOREIGN KEY (tag_id) REFERENCES voc_tag (id);
ALTER TABLE replen_replenishment_tag ADD CONSTRAINT FK2FD8BC3878DBD0B7 FOREIGN KEY (tagged_id) REFERENCES replen_replenishments (replenishId);
ALTER TABLE putaway_license_detail_tag ADD CONSTRAINT FK930D826C3EF30942 FOREIGN KEY (tag_id) REFERENCES voc_tag (id);
ALTER TABLE putaway_license_detail_tag ADD CONSTRAINT FK930D826CA8E8E49E FOREIGN KEY (tagged_id) REFERENCES putaway_license_details (licenseDetailId);
ALTER TABLE core_location_item_tag ADD CONSTRAINT FKF0D0A5183EF30942 FOREIGN KEY (tag_id) REFERENCES voc_tag (id);
ALTER TABLE core_location_item_tag ADD CONSTRAINT FKF0D0A5186F29E79E FOREIGN KEY (tagged_id) REFERENCES core_location_items (mapId);
ALTER TABLE core_printer_tag ADD CONSTRAINT FKC5A2B155305E9D80 FOREIGN KEY (tagged_id) REFERENCES core_printers (printerId);
ALTER TABLE core_printer_tag ADD CONSTRAINT FKC5A2B1553EF30942 FOREIGN KEY (tag_id) REFERENCES voc_tag (id);
ALTER TABLE replen_replenishment_details ADD CONSTRAINT FK_Location_ReplenishDetail FOREIGN KEY (replenishLocationId) REFERENCES core_locations (locationId);
ALTER TABLE replen_replenishment_details ADD CONSTRAINT FK_Operator_ReplenishDetail FOREIGN KEY (operatorId) REFERENCES core_operators (operatorId);
ALTER TABLE replen_replenishment_details ADD CONSTRAINT FK_ReasonCode_ReplenishDetail FOREIGN KEY (reasonId) REFERENCES core_reason_codes (reasonCodeId);
ALTER TABLE replen_replenishment_details ADD CONSTRAINT FK_Replenish_ReplenishDetail FOREIGN KEY (replenishId) REFERENCES replen_replenishments (replenishId) ON DELETE CASCADE;
ALTER TABLE core_item_tag ADD CONSTRAINT FK8D1D4D0E3EF30942 FOREIGN KEY (tag_id) REFERENCES voc_tag (id);
ALTER TABLE core_item_tag ADD CONSTRAINT FK8D1D4D0EC2569E49 FOREIGN KEY (tagged_id) REFERENCES core_items (itemId);
ALTER TABLE arch_sel_containers ADD CONSTRAINT FK_Arch_Assignment_Arch_cont FOREIGN KEY (assignmentId) REFERENCES arch_sel_assignments (assignmentId) ON DELETE CASCADE;
ALTER TABLE voc_homepage_access_summaries ADD CONSTRAINT FK789FEEA56A944441 FOREIGN KEY (id) REFERENCES voc_homepage (id);
ALTER TABLE voc_homepage_access_summaries ADD CONSTRAINT FK789FEEA5E5EF59C2 FOREIGN KEY (summary_id) REFERENCES voc_summaries (id);
ALTER TABLE core_workgroup_tag ADD CONSTRAINT FKFAFE69493EF30942 FOREIGN KEY (tag_id) REFERENCES voc_tag (id);
ALTER TABLE core_workgroup_tag ADD CONSTRAINT FKFAFE6949BFAC0174 FOREIGN KEY (tagged_id) REFERENCES core_work_groups (workgroupId);
ALTER TABLE voc_user_properties ADD CONSTRAINT FK6FE84B2C9E8E129 FOREIGN KEY (userId) REFERENCES voc_user (id);
ALTER TABLE core_operators_operatorTeams ADD CONSTRAINT FK_Operators_OperatorTeams FOREIGN KEY (operatorTeamId) REFERENCES core_operator_teams (operatorTeamId);
ALTER TABLE core_operators_operatorTeams ADD CONSTRAINT FK_OperatorTeams_Operators FOREIGN KEY (operatorId) REFERENCES core_operators (operatorId);
ALTER TABLE voc_reportType_parameter ADD CONSTRAINT FK853F878D58A22052 FOREIGN KEY (reportType_id) REFERENCES voc_reportType (id);
ALTER TABLE arch_pts_put_details ADD CONSTRAINT FK_Archive_Put_PutDetails FOREIGN KEY (putId) REFERENCES arch_pts_puts (putId) ON DELETE CASCADE;
ALTER TABLE voc_user_tag ADD CONSTRAINT FK88FAA8FB3EF30942 FOREIGN KEY (tag_id) REFERENCES voc_tag (id);
ALTER TABLE voc_user_tag ADD CONSTRAINT FK88FAA8FB853527D1 FOREIGN KEY (tagged_id) REFERENCES voc_user (id);
ALTER TABLE pts_customer_location_tag ADD CONSTRAINT FK3C355813EF30942 FOREIGN KEY (tag_id) REFERENCES voc_tag (id);
ALTER TABLE pts_customer_location_tag ADD CONSTRAINT FK3C3558173697EE0 FOREIGN KEY (tagged_id) REFERENCES pts_customer_locations (customerLocationId);
ALTER TABLE sel_sum_prompt_loc ADD CONSTRAINT FK_SumPromptDef_SumPromptLoc FOREIGN KEY (summaryDefintionId) REFERENCES sel_sum_prompt_def (summaryDefinitionId) ON DELETE CASCADE;
ALTER TABLE sel_sum_prompt_tag ADD CONSTRAINT FKDF7B73383EF30942 FOREIGN KEY (tag_id) REFERENCES voc_tag (id);
ALTER TABLE sel_sum_prompt_tag ADD CONSTRAINT FKDF7B7338E9E659E5 FOREIGN KEY (tagged_id) REFERENCES sel_sum_prompt (summaryId);
ALTER TABLE sel_container_tag ADD CONSTRAINT FK69FBFBB73EF30942 FOREIGN KEY (tag_id) REFERENCES voc_tag (id);
ALTER TABLE sel_container_tag ADD CONSTRAINT FK69FBFBB7EE18CC3C FOREIGN KEY (tagged_id) REFERENCES sel_containers (containerId);
ALTER TABLE voc_homepage_summaries ADD CONSTRAINT FKBA3C05486A944441 FOREIGN KEY (id) REFERENCES voc_homepage (id);
ALTER TABLE core_reason_codes_tag ADD CONSTRAINT FKB6A508663EF30942 FOREIGN KEY (tag_id) REFERENCES voc_tag (id);
ALTER TABLE core_reason_codes_tag ADD CONSTRAINT FKB6A508665850A787 FOREIGN KEY (tagged_id) REFERENCES core_reason_codes (reasonCodeId);
ALTER TABLE pts_put_tag ADD CONSTRAINT FKEF937D1A207FBD1E FOREIGN KEY (tagged_id) REFERENCES pts_puts (putId);
ALTER TABLE pts_put_tag ADD CONSTRAINT FKEF937D1A3EF30942 FOREIGN KEY (tag_id) REFERENCES voc_tag (id);
ALTER TABLE sel_containers ADD CONSTRAINT FK_ContainerType_Containers FOREIGN KEY (containerTypeId) REFERENCES sel_container_types (containerTypeId);
ALTER TABLE pts_container_details ADD CONSTRAINT FK_Container_ContainerDetails FOREIGN KEY (putContainerId) REFERENCES pts_containers (containerId) ON DELETE CASCADE;
ALTER TABLE pts_container_details ADD CONSTRAINT FK_Item_ContDetail FOREIGN KEY (itemId) REFERENCES core_items (itemId);
ALTER TABLE pts_container_details ADD CONSTRAINT FK_Operator_ContainerDetails FOREIGN KEY (operatorId) REFERENCES core_operators (operatorId);
ALTER TABLE pts_container_details ADD CONSTRAINT FK_Region_ContDetail FOREIGN KEY (regionId) REFERENCES pts_regions (regionId);
ALTER TABLE pts_containers ADD CONSTRAINT FK_CustomerLoc_PtsContainers FOREIGN KEY (customerLocationId) REFERENCES pts_customer_locations (customerLocationId);
ALTER TABLE voc_filter ADD CONSTRAINT FK6513688D16D0F6D2 FOREIGN KEY (view_id) REFERENCES voc_view (id);
ALTER TABLE voc_filter ADD CONSTRAINT FK6513688DF2F89D12 FOREIGN KEY (user_id) REFERENCES voc_user (id);
ALTER TABLE voc_summaries_extra_params ADD CONSTRAINT FK3097E545BC91011C FOREIGN KEY (id) REFERENCES voc_summaries (id);
ALTER TABLE voc_chart_settings ADD CONSTRAINT FK_Chart_ChartSettings FOREIGN KEY (chartId) REFERENCES voc_charts (chartId);
ALTER TABLE voc_chart_settings ADD CONSTRAINT FKAB10C779C9E8E129 FOREIGN KEY (userId) REFERENCES voc_user (id);
ALTER TABLE voc_report_parameter ADD CONSTRAINT FK7C71933E81FCA72 FOREIGN KEY (report_id) REFERENCES voc_reports (reportId);
ALTER TABLE core_region_tag ADD CONSTRAINT FKB8B2786F15AC502A FOREIGN KEY (tagged_id) REFERENCES core_regions (regionId);
ALTER TABLE core_region_tag ADD CONSTRAINT FKB8B2786F3EF30942 FOREIGN KEY (tag_id) REFERENCES voc_tag (id);
ALTER TABLE core_devices ADD CONSTRAINT FK_DeviceCommon_Device FOREIGN KEY (DeviceId) REFERENCES voc_device (id);
ALTER TABLE core_devices ADD CONSTRAINT FK_Operator_Devices FOREIGN KEY (operatorId) REFERENCES core_operators (operatorId);
ALTER TABLE pts_regions ADD CONSTRAINT FK3D5FB2AF630F1E6B FOREIGN KEY (regionId) REFERENCES core_regions (regionId);
ALTER TABLE voc_homepage ADD CONSTRAINT FK7BE97BC3F2F89D12 FOREIGN KEY (user_id) REFERENCES voc_user (id);
ALTER TABLE arch_pts_license_labor ADD CONSTRAINT FK_ArchPtsLic_ArchPtsLicLabors FOREIGN KEY (licenseId) REFERENCES arch_pts_licenses (licenseId) ON DELETE CASCADE;
ALTER TABLE sel_del_loc_map_setting_tag ADD CONSTRAINT FK13B18B03EF30942 FOREIGN KEY (tag_id) REFERENCES voc_tag (id);
ALTER TABLE sel_del_loc_map_setting_tag ADD CONSTRAINT FK13B18B0F99B85CC FOREIGN KEY (tagged_id) REFERENCES sel_del_loc_mapping_settings (delLocMappingSettingId);
ALTER TABLE core_work_group_func_regions ADD CONSTRAINT FK_Regions_WorkgroupFuncs FOREIGN KEY (regionId) REFERENCES core_regions (regionId);
ALTER TABLE core_work_group_func_regions ADD CONSTRAINT FK_WorkgroupFuncs_Regions FOREIGN KEY (workgroupFunctionId) REFERENCES core_work_group_functions (workgroupFunctionId);
ALTER TABLE core_work_group_functions ADD CONSTRAINT FK_TFunctions_WGFunctions FOREIGN KEY (taskFunctionId) REFERENCES core_task_functions (taskFunctionId);
ALTER TABLE core_work_group_functions ADD CONSTRAINT FK_WG_WGFunctions FOREIGN KEY (workgroupId) REFERENCES core_work_groups (workgroupId);
ALTER TABLE putaway_license_details ADD CONSTRAINT FK_License_LicenseDetail FOREIGN KEY (licenseId) REFERENCES putaway_licenses (licenseId) ON DELETE CASCADE;
ALTER TABLE putaway_license_details ADD CONSTRAINT FK_Location_PutLocation FOREIGN KEY (putLocationId) REFERENCES core_locations (locationId);
ALTER TABLE putaway_license_details ADD CONSTRAINT FK_Location_StartLocation FOREIGN KEY (startLocationId) REFERENCES core_locations (locationId);
ALTER TABLE putaway_license_details ADD CONSTRAINT FK_Operator_LicenseDetail FOREIGN KEY (operatorId) REFERENCES core_operators (operatorId);
ALTER TABLE putaway_license_details ADD CONSTRAINT FK_ReasonCode_LicenseDetail FOREIGN KEY (reasonId) REFERENCES core_reason_codes (reasonCodeId);
ALTER TABLE sel_pick_import_data ADD CONSTRAINT FK_Assignment_Picks_Import FOREIGN KEY (assignmentId) REFERENCES sel_assignment_import_data (importID) ON DELETE CASCADE;
ALTER TABLE pts_put_details ADD CONSTRAINT FK_Operator_PutDetails FOREIGN KEY (operatorId) REFERENCES core_operators (operatorId);
ALTER TABLE pts_put_details ADD CONSTRAINT FK_Put_PutDetails FOREIGN KEY (putId) REFERENCES pts_puts (putId) ON DELETE CASCADE;
ALTER TABLE replen_replenishments ADD CONSTRAINT FK_Item_Replenishment FOREIGN KEY (itemId) REFERENCES core_items (itemId);
ALTER TABLE replen_replenishments ADD CONSTRAINT FK_Location_FromLocation FOREIGN KEY (fromLocationId) REFERENCES core_locations (locationId);
ALTER TABLE replen_replenishments ADD CONSTRAINT FK_Location_ToLocation FOREIGN KEY (toLocationId) REFERENCES core_locations (locationId);
ALTER TABLE replen_replenishments ADD CONSTRAINT FK_Operator_Replenishment FOREIGN KEY (operatorId) REFERENCES core_operators (operatorId);
ALTER TABLE replen_replenishments ADD CONSTRAINT FK_Region_Replenishment FOREIGN KEY (regionId) REFERENCES replen_regions (regionId);
ALTER TABLE sel_assignment_labor ADD CONSTRAINT FK_Assignment_AssignLabors FOREIGN KEY (assignmentId) REFERENCES sel_assignments (assignmentId) ON DELETE CASCADE;
ALTER TABLE sel_assignment_labor ADD CONSTRAINT FK_Operator_AssignLabors FOREIGN KEY (operatorId) REFERENCES core_operators (operatorId);
ALTER TABLE sel_assignment_labor ADD CONSTRAINT FK_OperLabor_AssignLabors FOREIGN KEY (operatorLaborId) REFERENCES core_operator_labor (operatorLaborId);
ALTER TABLE core_operator_labor_tag ADD CONSTRAINT FKBEE7D9D03EF30942 FOREIGN KEY (tag_id) REFERENCES voc_tag (id);
ALTER TABLE core_operator_labor_tag ADD CONSTRAINT FKBEE7D9D0C853152 FOREIGN KEY (tagged_id) REFERENCES core_operator_labor (operatorLaborId);
ALTER TABLE sel_pick_details ADD CONSTRAINT FK_Container_PickDetails FOREIGN KEY (pickContainerId) REFERENCES sel_containers (containerId);
ALTER TABLE sel_pick_details ADD CONSTRAINT FK_Operator_PickDetails FOREIGN KEY (operatorId) REFERENCES core_operators (operatorId);
ALTER TABLE sel_pick_details ADD CONSTRAINT FK_Pick_PickDetails FOREIGN KEY (pickId) REFERENCES sel_picks (pickId) ON DELETE CASCADE;
ALTER TABLE voc_feature ADD CONSTRAINT FK35EB80819FA773C FOREIGN KEY (group_id) REFERENCES voc_feature_group (id);
ALTER TABLE lineload_carton_tag ADD CONSTRAINT FK297726DF3EF30942 FOREIGN KEY (tag_id) REFERENCES voc_tag (id);
ALTER TABLE lineload_carton_tag ADD CONSTRAINT FK297726DF7DC0AB44 FOREIGN KEY (tagged_id) REFERENCES lineload_cartons (cartonId);
ALTER TABLE sel_regions ADD CONSTRAINT FK_ChaseProfile_Regions FOREIGN KEY (profileChaseAssignmentID) REFERENCES sel_region_profiles (regionProfileId);
ALTER TABLE sel_regions ADD CONSTRAINT FK_NormalProfile_Regions FOREIGN KEY (profileNormalAssignmentId) REFERENCES sel_region_profiles (regionProfileId);
ALTER TABLE sel_regions ADD CONSTRAINT FK_SumPromptChase_Regions FOREIGN KEY (summaryId_chase) REFERENCES sel_sum_prompt (summaryId);
ALTER TABLE sel_regions ADD CONSTRAINT FK_SumPromptNormal_Regions FOREIGN KEY (summaryId) REFERENCES sel_sum_prompt (summaryId);
ALTER TABLE sel_regions ADD CONSTRAINT FK9DE1211A630F1E6B FOREIGN KEY (regionId) REFERENCES core_regions (regionId);
ALTER TABLE voc_plugin_components ADD CONSTRAINT FK6657CF6D6B008C44 FOREIGN KEY (parentComponentId) REFERENCES voc_plugin_components (componentId);
ALTER TABLE voc_plugin_components ADD CONSTRAINT FK6657CF6D8D0424EE FOREIGN KEY (moduleId) REFERENCES voc_plugin_modules (moduleId);
ALTER TABLE voc_user_to_role ADD CONSTRAINT FKE0E0509B4DCDD932 FOREIGN KEY (role_id) REFERENCES voc_role (id);
ALTER TABLE voc_user_to_role ADD CONSTRAINT FKE0E0509BF2F89D12 FOREIGN KEY (user_id) REFERENCES voc_user (id);
ALTER TABLE voc_site ADD CONSTRAINT FK7FFEBD9C7E140FE8 FOREIGN KEY (ldapconfig_id) REFERENCES voc_ldapconfiguration (ldapConfigurationId);
ALTER TABLE voc_site ADD CONSTRAINT FK7FFEBD9CB979502E FOREIGN KEY (servercredentials_id) REFERENCES voc_networkcredentials (actionItemId);
ALTER TABLE voc_site ADD CONSTRAINT FK7FFEBD9CD458CE41 FOREIGN KEY (restricteduser_id) REFERENCES voc_networkcredentials (actionItemId);
ALTER TABLE voc_site ADD CONSTRAINT FK7FFEBD9CEA320F22 FOREIGN KEY (sitewideuser_id) REFERENCES voc_networkcredentials (actionItemId);
ALTER TABLE putaway_regions ADD CONSTRAINT FK2FD2083D630F1E6B FOREIGN KEY (regionId) REFERENCES core_regions (regionId);
ALTER TABLE voc_notification_tag ADD CONSTRAINT FK4500111B3EF30942 FOREIGN KEY (tag_id) REFERENCES voc_tag (id);
ALTER TABLE voc_notification_tag ADD CONSTRAINT FK4500111B51FE0CF1 FOREIGN KEY (tagged_id) REFERENCES voc_notification (id);
ALTER TABLE pts_customer_locations ADD CONSTRAINT FK_Location_CustomerLocation FOREIGN KEY (locationId) REFERENCES core_locations (locationId);
ALTER TABLE core_location_items ADD CONSTRAINT FK_LocationItem_Item FOREIGN KEY (itemId) REFERENCES core_items (itemId) ON DELETE CASCADE;
ALTER TABLE core_location_items ADD CONSTRAINT FK_LocationItem_Location FOREIGN KEY (locationId) REFERENCES core_locations (locationId) ON DELETE CASCADE;
ALTER TABLE lineload_pallet_tag ADD CONSTRAINT FK69FD15003EF30942 FOREIGN KEY (tag_id) REFERENCES voc_tag (id);
ALTER TABLE lineload_pallet_tag ADD CONSTRAINT FK69FD150093ECD1E5 FOREIGN KEY (tagged_id) REFERENCES lineload_pallets (palletId);
ALTER TABLE core_operator_regions ADD CONSTRAINT FK_Regions_Operators FOREIGN KEY (regionId) REFERENCES core_regions (regionId);
ALTER TABLE core_operator_regions ADD CONSTRAINT FKF36FA8045DEEFBCB FOREIGN KEY (operatorId) REFERENCES core_operators (operatorId);
ALTER TABLE putaway_licenses ADD CONSTRAINT FK_Item_License FOREIGN KEY (itemId) REFERENCES core_items (itemId);
ALTER TABLE putaway_licenses ADD CONSTRAINT FK_Location_License FOREIGN KEY (locationId) REFERENCES core_locations (locationId);
ALTER TABLE putaway_licenses ADD CONSTRAINT FK_Operator_License FOREIGN KEY (operatorId) REFERENCES core_operators (operatorId);
ALTER TABLE putaway_licenses ADD CONSTRAINT FK_Region_License FOREIGN KEY (regionId) REFERENCES putaway_regions (regionId);
ALTER TABLE sel_sum_prompt_def ADD CONSTRAINT FK_PromptItem_SummaryPromptDef FOREIGN KEY (promptItemId) REFERENCES sel_sum_prompt_item (promptItemId);
ALTER TABLE sel_sum_prompt_def ADD CONSTRAINT FK_SumPrompt_SumPromptDef FOREIGN KEY (summaryId) REFERENCES sel_sum_prompt (summaryId) ON DELETE CASCADE;
ALTER TABLE lineload_carton_detail_tag ADD CONSTRAINT FK93EA47C736817F35 FOREIGN KEY (tagged_id) REFERENCES lineload_carton_details (cartonDetailId);
ALTER TABLE lineload_carton_detail_tag ADD CONSTRAINT FK93EA47C73EF30942 FOREIGN KEY (tag_id) REFERENCES voc_tag (id);
ALTER TABLE lineload_carton_details ADD CONSTRAINT FK_carton_cartonDetail FOREIGN KEY (cartonId) REFERENCES lineload_cartons (cartonId);
ALTER TABLE lineload_carton_details ADD CONSTRAINT FK_Operator_cartonDetail FOREIGN KEY (operatorId) REFERENCES core_operators (operatorId);
ALTER TABLE lineload_carton_details ADD CONSTRAINT FK_pallet_cartonDetail FOREIGN KEY (palletId) REFERENCES lineload_pallets (palletId);
ALTER TABLE core_location_tag ADD CONSTRAINT FK9F5100B03EF30942 FOREIGN KEY (tag_id) REFERENCES voc_tag (id);
ALTER TABLE core_location_tag ADD CONSTRAINT FK9F5100B076494EEB FOREIGN KEY (tagged_id) REFERENCES core_locations (locationId);
ALTER TABLE lineload_route_stop_tag ADD CONSTRAINT FK133EEB183EF30942 FOREIGN KEY (tag_id) REFERENCES voc_tag (id);
ALTER TABLE lineload_route_stop_tag ADD CONSTRAINT FK133EEB1857ECE1E2 FOREIGN KEY (tagged_id) REFERENCES lineload_route_stops (routeStopId);
ALTER TABLE pts_licenses ADD CONSTRAINT FK_Operator_Put_Licenses FOREIGN KEY (operatorId) REFERENCES core_operators (operatorId);
ALTER TABLE pts_licenses ADD CONSTRAINT FK_Region_Put_Licenses FOREIGN KEY (regionId) REFERENCES pts_regions (regionId);
ALTER TABLE pts_license_labor ADD CONSTRAINT FK_Operator_PtsLicenseLabors FOREIGN KEY (operatorId) REFERENCES core_operators (operatorId);
ALTER TABLE pts_license_labor ADD CONSTRAINT FK_OperLabor_PtsLicenseLabors FOREIGN KEY (operatorLaborId) REFERENCES core_operator_labor (operatorLaborId);
ALTER TABLE pts_license_labor ADD CONSTRAINT FK_PtsLicense_PtsLicenseLabors FOREIGN KEY (licenseId) REFERENCES pts_licenses (licenseId) ON DELETE CASCADE;
ALTER TABLE voc_filter_criterion ADD CONSTRAINT FK120AE56F1C17A2E2 FOREIGN KEY (operand_id) REFERENCES voc_operand (id);
ALTER TABLE voc_filter_criterion ADD CONSTRAINT FK120AE56F1D4606E2 FOREIGN KEY (filterCriteriaId) REFERENCES voc_filter (id);
ALTER TABLE voc_filter_criterion ADD CONSTRAINT FK120AE56F64367F32 FOREIGN KEY (column_id) REFERENCES voc_column (id);
ALTER TABLE voc_column ADD CONSTRAINT FK6049706B16D0F6D2 FOREIGN KEY (view_id) REFERENCES voc_view (id);
ALTER TABLE voc_column ADD CONSTRAINT FK6049706B971DA1E7 FOREIGN KEY (data_type_id) REFERENCES voc_data_type (id);
ALTER TABLE putaway_license_tag ADD CONSTRAINT FKA1266BDA3EF30942 FOREIGN KEY (tag_id) REFERENCES voc_tag (id);
ALTER TABLE putaway_license_tag ADD CONSTRAINT FKA1266BDA9556936D FOREIGN KEY (tagged_id) REFERENCES putaway_licenses (licenseId);
ALTER TABLE lineload_cartons ADD CONSTRAINT FK_Operator_cartons FOREIGN KEY (operatorId) REFERENCES core_operators (operatorId);
ALTER TABLE lineload_cartons ADD CONSTRAINT FK_Pallet_Carton FOREIGN KEY (palletId) REFERENCES lineload_pallets (palletId);
ALTER TABLE lineload_cartons ADD CONSTRAINT FK_RouteStop_Cartons FOREIGN KEY (routeStopId) REFERENCES lineload_route_stops (routeStopId);
ALTER TABLE sel_assignment_tag ADD CONSTRAINT FKBDF179AD3EF30942 FOREIGN KEY (tag_id) REFERENCES voc_tag (id);
ALTER TABLE sel_assignment_tag ADD CONSTRAINT FKBDF179ADED83D64E FOREIGN KEY (tagged_id) REFERENCES sel_assignments (assignmentId);
ALTER TABLE pts_puts ADD CONSTRAINT FK_Customer_Location_Puts FOREIGN KEY (customerLocationId) REFERENCES pts_customer_locations (customerLocationId);
ALTER TABLE pts_puts ADD CONSTRAINT FK_Item_Puts FOREIGN KEY (itemId) REFERENCES core_items (itemId);
ALTER TABLE pts_puts ADD CONSTRAINT FK_License_Puts FOREIGN KEY (licenseId) REFERENCES pts_licenses (licenseId) ON DELETE CASCADE;
ALTER TABLE pts_puts ADD CONSTRAINT FK_Operator_Puts FOREIGN KEY (operatorId) REFERENCES core_operators (operatorId);
ALTER TABLE sel_region_profiles ADD CONSTRAINT FK_ContainerType_RegProfiles FOREIGN KEY (containerTypeId) REFERENCES sel_container_types (containerTypeId);
ALTER TABLE sel_assignments ADD CONSTRAINT FK_Operator_Assignments FOREIGN KEY (operatorId) REFERENCES core_operators (operatorId);
ALTER TABLE sel_assignments ADD CONSTRAINT FK_Region_Assignments FOREIGN KEY (regionId) REFERENCES sel_regions (regionId);
ALTER TABLE core_operators ADD CONSTRAINT FK_AssignedRegion_Operators FOREIGN KEY (assignedRegionId) REFERENCES core_regions (regionId);
ALTER TABLE core_operators ADD CONSTRAINT FK_CurrentRegion_Operators FOREIGN KEY (currentRegionId) REFERENCES core_regions (regionId);
ALTER TABLE core_operators ADD CONSTRAINT FK_LastLocation_Operators FOREIGN KEY (lastLocationId) REFERENCES core_locations (locationId);
ALTER TABLE core_operators ADD CONSTRAINT FK_OperatorCommon_VLOperator FOREIGN KEY (operatorId) REFERENCES voc_operators (operatorId);
ALTER TABLE core_operators ADD CONSTRAINT FK_TaskFunction_Operators FOREIGN KEY (taskFunctionId) REFERENCES core_task_functions (taskFunctionId);
ALTER TABLE core_operators ADD CONSTRAINT FK_Workgroup_Operators FOREIGN KEY (workgroupId) REFERENCES core_work_groups (workgroupId);
ALTER TABLE arch_pts_puts ADD CONSTRAINT FK_Arch_PtsLic_Arch_Puts FOREIGN KEY (licenseId) REFERENCES arch_pts_licenses (licenseId) ON DELETE CASCADE;
ALTER TABLE voc_timewindow ADD CONSTRAINT FK2DB62B9216D0F6D2 FOREIGN KEY (view_id) REFERENCES voc_view (id);
ALTER TABLE voc_timewindow ADD CONSTRAINT FK2DB62B92F2F89D12 FOREIGN KEY (user_id) REFERENCES voc_user (id);
ALTER TABLE arch_sel_assignment_labor ADD CONSTRAINT FK_ArchAssign_AssignLabors FOREIGN KEY (assignmentId) REFERENCES arch_sel_assignments (assignmentId) ON DELETE CASCADE;
ALTER TABLE arch_sel_pick_details ADD CONSTRAINT FK_ArchContnr_ArchPickDtls FOREIGN KEY (pickContainerId) REFERENCES arch_sel_containers (containerId);
ALTER TABLE arch_sel_pick_details ADD CONSTRAINT FK_ArchPick_ArchPickDetails FOREIGN KEY (pickId) REFERENCES arch_sel_picks (pickId) ON DELETE CASCADE;
ALTER TABLE arch_sel_picks ADD CONSTRAINT FK_Arch_Assignment_Arch_Picks FOREIGN KEY (assignmentId) REFERENCES arch_sel_assignments (assignmentId) ON DELETE CASCADE;
ALTER TABLE lineload_pallets ADD CONSTRAINT FK_RouteStop_Pallet FOREIGN KEY (routeStopId) REFERENCES lineload_route_stops (routeStopId);
ALTER TABLE lineload_route_stops ADD CONSTRAINT FK_Region_RouteStops FOREIGN KEY (regionId) REFERENCES lineload_regions (regionId);
ALTER TABLE core_operatorTeam_tag ADD CONSTRAINT FKC68E681C3EF30942 FOREIGN KEY (tag_id) REFERENCES voc_tag (id);
ALTER TABLE core_operatorTeam_tag ADD CONSTRAINT FKC68E681C6CAD2857 FOREIGN KEY (tagged_id) REFERENCES core_operator_teams (operatorTeamId);
ALTER TABLE sel_del_loc_mappings_tag ADD CONSTRAINT FKDA7354D8158AFDC0 FOREIGN KEY (tagged_id) REFERENCES sel_del_loc_mappings (delLocMappingId);
ALTER TABLE sel_del_loc_mappings_tag ADD CONSTRAINT FKDA7354D83EF30942 FOREIGN KEY (tag_id) REFERENCES voc_tag (id);
ALTER TABLE voc_report_tag ADD CONSTRAINT FK34BF94A43EF30942 FOREIGN KEY (tag_id) REFERENCES voc_tag (id);
ALTER TABLE voc_report_tag ADD CONSTRAINT FK34BF94A486A6A33A FOREIGN KEY (tagged_id) REFERENCES voc_reports (reportId);
ALTER TABLE voc_reports ADD CONSTRAINT FKB187574A96D14234 FOREIGN KEY (reportType) REFERENCES voc_reportType (id);
ALTER TABLE core_operator_labor ADD CONSTRAINT FK_BreakType_OperLabors FOREIGN KEY (breakId) REFERENCES core_break_types (breakTypeId);
ALTER TABLE core_operator_labor ADD CONSTRAINT FK_Operator_OperLabors FOREIGN KEY (operatorId) REFERENCES core_operators (operatorId);
ALTER TABLE core_operator_labor ADD CONSTRAINT FK_OperLabor_OperLabors FOREIGN KEY (previousOperatorLaborId) REFERENCES core_operator_labor (operatorLaborId);
ALTER TABLE core_operator_labor ADD CONSTRAINT FK_Region_OperatorLabors FOREIGN KEY (regionId) REFERENCES core_regions (regionId);
ALTER TABLE pts_puts_import_data ADD CONSTRAINT FK_License_Puts_Import FOREIGN KEY (licenseId) REFERENCES pts_licenses_import_data (importID) ON DELETE CASCADE;
ALTER TABLE pts_license_tag ADD CONSTRAINT FK82158D4C365205D0 FOREIGN KEY (tagged_id) REFERENCES pts_licenses (licenseId);
ALTER TABLE pts_license_tag ADD CONSTRAINT FK82158D4C3EF30942 FOREIGN KEY (tag_id) REFERENCES voc_tag (id);
ALTER TABLE sel_pick_tag ADD CONSTRAINT FK1B5B30C13EF30942 FOREIGN KEY (tag_id) REFERENCES voc_tag (id);
ALTER TABLE sel_pick_tag ADD CONSTRAINT FK1B5B30C1C4D491E2 FOREIGN KEY (tagged_id) REFERENCES sel_picks (pickId);
ALTER TABLE sel_picks ADD CONSTRAINT FK_Assignment_Picks FOREIGN KEY (assignmentId) REFERENCES sel_assignments (assignmentId) ON DELETE CASCADE;
ALTER TABLE sel_picks ADD CONSTRAINT FK_Item_Picks FOREIGN KEY (itemId) REFERENCES core_items (itemId);
ALTER TABLE sel_picks ADD CONSTRAINT FK_Location_Picks FOREIGN KEY (locationId) REFERENCES core_locations (locationId);
ALTER TABLE sel_picks ADD CONSTRAINT FK_Operator_Picks FOREIGN KEY (operatorId) REFERENCES core_operators (operatorId);
ALTER TABLE sel_picks ADD CONSTRAINT FK_OriginalPick_Picks FOREIGN KEY (originalPickId) REFERENCES sel_picks (pickId);
;