-- Run this script against VL41@localhost to synchronize it with VL42@localhost
-- Please backup your target database before running this script
--

--
-- Create table "CORE_VEHICLE_TYPES"
--
CREATE TABLE CORE_VEHICLE_TYPES (
  TYPEID NUMBER(19) NOT NULL,
  VERSION NUMBER(10) NOT NULL,
  CREATEDDATE DATE NOT NULL,
  VEHICLETYPENUMBER NUMBER(10) NOT NULL,
  DESCRIPTION NVARCHAR2(100) NOT NULL,
  ISCAPTUREVEHICLEID NUMBER(1) NOT NULL,
  PRIMARY KEY (TYPEID));

CREATE INDEX IX_VEHICLE_TYPE_NO ON CORE_VEHICLE_TYPES (VEHICLETYPENUMBER);

--
-- Create table "CORE_VEHICLE_TYPE_TAG"
--
CREATE TABLE CORE_VEHICLE_TYPE_TAG (
  TAGGED_ID NUMBER(19) NOT NULL,
  TAG_ID NUMBER(19) NOT NULL,
  PRIMARY KEY (TAGGED_ID, TAG_ID));

--
-- Create foreign key "FK6BB149683EF30942" on table "CORE_VEHICLE_TYPE_TAG"
--
ALTER TABLE CORE_VEHICLE_TYPE_TAG
  ADD CONSTRAINT FK6BB149683EF30942 FOREIGN KEY (TAG_ID)
    REFERENCES VOC_TAG(ID);
    
--
-- Create foreign key "FK6BB149686C08E5EC" on table "CORE_VEHICLE_TYPE_TAG"
--
ALTER TABLE CORE_VEHICLE_TYPE_TAG
  ADD CONSTRAINT FK6BB149686C08E5EC FOREIGN KEY (TAGGED_ID)
    REFERENCES CORE_VEHICLE_TYPES(TYPEID);
    
--
-- Create table "CORE_VEHICLES"
--
CREATE TABLE CORE_VEHICLES (
  VEHICLEID NUMBER(19) NOT NULL,
  VERSION NUMBER(10) NOT NULL,
  CREATEDDATE DATE NOT NULL,
  VEHICLENUMBER NVARCHAR2(255),
  SPOKENVEHICLENUMBER NVARCHAR2(5),
  VEHICLECATEGORY NUMBER(10) NOT NULL,
  TYPEID NUMBER(19),
  PRIMARY KEY (VEHICLEID));

--
-- Create foreign key "FK_VEHICLE_VEHICLETYPE" on table "CORE_VEHICLES"
--
ALTER TABLE CORE_VEHICLES
  ADD CONSTRAINT FK_VEHICLE_VEHICLETYPE FOREIGN KEY (TYPEID)
    REFERENCES CORE_VEHICLE_TYPES(TYPEID) ON DELETE CASCADE;
    
--
-- Create table "CORE_VEHICLE_TAG"
--
CREATE TABLE CORE_VEHICLE_TAG (
  TAGGED_ID NUMBER(19) NOT NULL,
  TAG_ID NUMBER(19) NOT NULL,
  PRIMARY KEY (TAGGED_ID, TAG_ID));

--
-- Create foreign key "FKC78A9F673EF30942" on table "CORE_VEHICLE_TAG"
--
ALTER TABLE CORE_VEHICLE_TAG
  ADD CONSTRAINT FKC78A9F673EF30942 FOREIGN KEY (TAG_ID)
    REFERENCES VOC_TAG(ID);
    
--
-- Create foreign key "FKC78A9F6757846492" on table "CORE_VEHICLE_TAG"
--
ALTER TABLE CORE_VEHICLE_TAG
  ADD CONSTRAINT FKC78A9F6757846492 FOREIGN KEY (TAGGED_ID)
    REFERENCES CORE_VEHICLES(VEHICLEID);
    
--
-- Create table "CORE_VEHICLE_OPERATORS"
--
CREATE TABLE CORE_VEHICLE_OPERATORS (
  VEHICLEID NUMBER(19) NOT NULL,
  OPERATORID NUMBER(19) NOT NULL,
  PRIMARY KEY (VEHICLEID, OPERATORID));

--
-- Create foreign key "FK4E9DFE5C57C96D0B" on table "CORE_VEHICLE_OPERATORS"
--
ALTER TABLE CORE_VEHICLE_OPERATORS
  ADD CONSTRAINT FK4E9DFE5C57C96D0B FOREIGN KEY (VEHICLEID)
    REFERENCES CORE_VEHICLES(VEHICLEID);
    
--
-- Create foreign key "FK_CORE_OPERATORS_VEHICLE" on table "CORE_VEHICLE_OPERATORS"
--
ALTER TABLE CORE_VEHICLE_OPERATORS
  ADD CONSTRAINT FK_CORE_OPERATORS_VEHICLE FOREIGN KEY (OPERATORID)
    REFERENCES CORE_OPERATORS(OPERATORID);

--
-- Create table "CORE_VEHICLE_SAFETY_CHECKS"
--
CREATE TABLE CORE_VEHICLE_SAFETY_CHECKS (
  CHECKID NUMBER(19) NOT NULL,
  VERSION NUMBER(10) NOT NULL,
  CREATEDDATE DATE NOT NULL,
  SEQUENCENUMBER NUMBER(10) NOT NULL,
  DESCRIPTION NVARCHAR2(255),
  SPOKENDESCRIPTION NVARCHAR2(50) NOT NULL,
  TYPEID NUMBER(19),
  RESPONSETYPE NUMBER(10) NOT NULL,
  PRIMARY KEY (CHECKID));

--
-- Create foreign key "FK_SAFETYCHECK_VEHICLETYPE" on table "CORE_VEHICLE_SAFETY_CHECKS"
--
ALTER TABLE CORE_VEHICLE_SAFETY_CHECKS
  ADD CONSTRAINT FK_SAFETYCHECK_VEHICLETYPE FOREIGN KEY (TYPEID)
    REFERENCES CORE_VEHICLE_TYPES(TYPEID) ON DELETE CASCADE;
    
--
-- Create table "CORE_VEHICLE_SAFETY_CHECK_TAG"
--
CREATE TABLE CORE_VEHICLE_SAFETY_CHECK_TAG (
  TAGGED_ID NUMBER(19) NOT NULL,
  TAG_ID NUMBER(19) NOT NULL,
  PRIMARY KEY (TAGGED_ID, TAG_ID));

--
-- Create foreign key "FKDB0D40093EF30942" on table "CORE_VEHICLE_SAFETY_CHECK_TAG"
--
ALTER TABLE CORE_VEHICLE_SAFETY_CHECK_TAG
  ADD CONSTRAINT FKDB0D40093EF30942 FOREIGN KEY (TAG_ID)
    REFERENCES VOC_TAG(ID);
    
--
-- Create foreign key "FKDB0D4009627F3BC0" on table "CORE_VEHICLE_SAFETY_CHECK_TAG"
--
ALTER TABLE CORE_VEHICLE_SAFETY_CHECK_TAG
  ADD CONSTRAINT FKDB0D4009627F3BC0 FOREIGN KEY (TAGGED_ID)
    REFERENCES CORE_VEHICLE_SAFETY_CHECKS(CHECKID);
    
--
-- Create table "CORE_VEHICLE_CHECK_RESPONSES"
--
CREATE TABLE CORE_VEHICLE_CHECK_RESPONSES (
  RESPONSEID NUMBER(19) NOT NULL,
  VERSION NUMBER(10) NOT NULL,
  CREATEDDATE DATE NOT NULL,
  CHECKID NUMBER(19) NOT NULL,
  VEHICLEID NUMBER(19) NOT NULL,
  CHECKRESPONSE NUMBER(10) NOT NULL,
  REPAIRACTION NUMBER(10),
  OPERATORID NUMBER(19),
  GROUPID NUMBER(19),
  NOTE NVARCHAR2(255),
  PRIMARY KEY (RESPONSEID),
  UNIQUE (CHECKID, VEHICLEID, OPERATORID, GROUPID));

--
-- Create foreign key "FK_CHECKRESPONSE_OPERATOR" on table "CORE_VEHICLE_CHECK_RESPONSES"
--
ALTER TABLE CORE_VEHICLE_CHECK_RESPONSES
  ADD CONSTRAINT FK_CHECKRESPONSE_OPERATOR FOREIGN KEY (OPERATORID)
    REFERENCES CORE_OPERATORS(OPERATORID);
    
--
-- Create foreign key "FK_CHECKRESPONSE_SAFETYCHECK" on table "CORE_VEHICLE_CHECK_RESPONSES"
--
ALTER TABLE CORE_VEHICLE_CHECK_RESPONSES
  ADD CONSTRAINT FK_CHECKRESPONSE_SAFETYCHECK FOREIGN KEY (CHECKID)
    REFERENCES CORE_VEHICLE_SAFETY_CHECKS(CHECKID);
    
--
-- Create foreign key "FK_CHECKRESPONSE_VEHICLE" on table "CORE_VEHICLE_CHECK_RESPONSES"
--
ALTER TABLE CORE_VEHICLE_CHECK_RESPONSES
  ADD CONSTRAINT FK_CHECKRESPONSE_VEHICLE FOREIGN KEY (VEHICLEID)
    REFERENCES CORE_VEHICLES(VEHICLEID);
    
--
-- Create table "CORE_VEHICLE_CHECK_RESP_TAG"
--
CREATE TABLE CORE_VEHICLE_CHECK_RESP_TAG (
  TAGGED_ID NUMBER(19) NOT NULL,
  TAG_ID NUMBER(19) NOT NULL,
  PRIMARY KEY (TAGGED_ID, TAG_ID));

--
-- Create foreign key "FK831586153EF30942" on table "CORE_VEHICLE_CHECK_RESP_TAG"
--
ALTER TABLE CORE_VEHICLE_CHECK_RESP_TAG
  ADD CONSTRAINT FK831586153EF30942 FOREIGN KEY (TAG_ID)
    REFERENCES VOC_TAG(ID);
--
-- Create foreign key "FK831586155FDFA221" on table "CORE_VEHICLE_CHECK_RESP_TAG"
--
ALTER TABLE CORE_VEHICLE_CHECK_RESP_TAG
  ADD CONSTRAINT FK831586155FDFA221 FOREIGN KEY (TAGGED_ID)
    REFERENCES CORE_VEHICLE_CHECK_RESPONSES(RESPONSEID);
    
--
-- Create table "VOC_EXTERNAL_JOB"
--
CREATE TABLE VOC_EXTERNAL_JOB (
  EXTERNALJOBID NUMBER(19) NOT NULL,
  VERSION NUMBER(10) NOT NULL,
  CREATEDDATE DATE NOT NULL,
  NAME NVARCHAR2(50) NOT NULL,
  JOBTYPE NUMBER(10),
  COMMAND NVARCHAR2(255) NOT NULL,
  WORKINGDIRECTORY NVARCHAR2(255) NOT NULL,
  PRIMARY KEY (EXTERNALJOBID));

--This will need to be added to all future upgrade scripts
UPDATE VOC_SYSTEM_PROPERTIES SET VALUE = 1 WHERE SYSTEMPROPERTYID = -1005;

--
-- Disable constraints from VOC_COLUMN
--
ALTER TABLE VOC_COLUMN DISABLE CONSTRAINT FK6049706B16D0F6D2;
ALTER TABLE VOC_COLUMN DISABLE CONSTRAINT FK6049706B971DA1E7;

--
-- Disable constraints from VOC_FEATURE
--
ALTER TABLE VOC_FEATURE DISABLE CONSTRAINT FK35EB80819FA773C;

--
-- Disable constraints from VOC_REPORTTYPE_PARAMETER
--
ALTER TABLE VOC_REPORTTYPE_PARAMETER DISABLE CONSTRAINT FK853F878D58A22052;

--
-- Disable constraints from VOC_ROLE_TO_FEATURE
--
ALTER TABLE VOC_ROLE_TO_FEATURE DISABLE CONSTRAINT FK17DCDF26241ED7C2;
ALTER TABLE VOC_ROLE_TO_FEATURE DISABLE CONSTRAINT FK17DCDF264DCDD932;

--
-- Inserting data into table VOC_COLUMN
--
INSERT INTO VOC_COLUMN(ID, VIEW_ID, FIELD, DISPLAY, SORTED, SORTTYPE, REQUIRED, DISPLAYABLE, SORT_ASC, WIDTH, VISIBLE, COLUMN_ORDER, DATA_TYPE_ID, OPERAND_TYPE, DISPLAY_FUNCTION, DISPLAY_PARAM, PAINTER_FUNCTION, TOOL_TIP_FUNCTION, EXTRA_FIELDS, EXTRA_FILTER_INFO, FILTERTYPE, FILTER_ENUM_TYPE, OPTION_KEY_PREFIX, FILTER_AUTO_COMPLETE_DISABLE) VALUES
(-24107, -1227, N'createdDate', N'vsc.safetyCheck.view.column.creationDate', 0, 5, 0, 2, 1, 150, 1, 6, NULL, 2, N'formatTimeWithTimeZone', NULL, NULL, NULL, NULL, NULL, 1, NULL, NULL, NULL);
INSERT INTO VOC_COLUMN(ID, VIEW_ID, FIELD, DISPLAY, SORTED, SORTTYPE, REQUIRED, DISPLAYABLE, SORT_ASC, WIDTH, VISIBLE, COLUMN_ORDER, DATA_TYPE_ID, OPERAND_TYPE, DISPLAY_FUNCTION, DISPLAY_PARAM, PAINTER_FUNCTION, TOOL_TIP_FUNCTION, EXTRA_FIELDS, EXTRA_FILTER_INFO, FILTERTYPE, FILTER_ENUM_TYPE, OPTION_KEY_PREFIX, FILTER_AUTO_COMPLETE_DISABLE) VALUES
(-24106, -1227, N'responseType', N'vsc.safetyCheck.view.column.responseType', 1, 5, 0, 2, 1, 150, 1, 5, NULL, 3, NULL, NULL, NULL, NULL, NULL, NULL, 1, NULL, NULL, NULL);
INSERT INTO VOC_COLUMN(ID, VIEW_ID, FIELD, DISPLAY, SORTED, SORTTYPE, REQUIRED, DISPLAYABLE, SORT_ASC, WIDTH, VISIBLE, COLUMN_ORDER, DATA_TYPE_ID, OPERAND_TYPE, DISPLAY_FUNCTION, DISPLAY_PARAM, PAINTER_FUNCTION, TOOL_TIP_FUNCTION, EXTRA_FIELDS, EXTRA_FILTER_INFO, FILTERTYPE, FILTER_ENUM_TYPE, OPTION_KEY_PREFIX, FILTER_AUTO_COMPLETE_DISABLE) VALUES
(-24105, -1227, N'vehicleType.description', N'vsc.safetyCheck.view.column.vehicleType', 1, 5, 0, 2, 1, 150, 1, 4, NULL, 0, NULL, NULL, NULL, NULL, NULL, NULL, 2, NULL, NULL, NULL);
INSERT INTO VOC_COLUMN(ID, VIEW_ID, FIELD, DISPLAY, SORTED, SORTTYPE, REQUIRED, DISPLAYABLE, SORT_ASC, WIDTH, VISIBLE, COLUMN_ORDER, DATA_TYPE_ID, OPERAND_TYPE, DISPLAY_FUNCTION, DISPLAY_PARAM, PAINTER_FUNCTION, TOOL_TIP_FUNCTION, EXTRA_FIELDS, EXTRA_FILTER_INFO, FILTERTYPE, FILTER_ENUM_TYPE, OPTION_KEY_PREFIX, FILTER_AUTO_COMPLETE_DISABLE) VALUES
(-24104, -1227, N'spokenDescription', N'vsc.safetyCheck.view.column.spokenDescription', 0, 5, 0, 2, 1, 150, 1, 3, NULL, 0, NULL, NULL, NULL, NULL, NULL, NULL, 2, NULL, NULL, NULL);
INSERT INTO VOC_COLUMN(ID, VIEW_ID, FIELD, DISPLAY, SORTED, SORTTYPE, REQUIRED, DISPLAYABLE, SORT_ASC, WIDTH, VISIBLE, COLUMN_ORDER, DATA_TYPE_ID, OPERAND_TYPE, DISPLAY_FUNCTION, DISPLAY_PARAM, PAINTER_FUNCTION, TOOL_TIP_FUNCTION, EXTRA_FIELDS, EXTRA_FILTER_INFO, FILTERTYPE, FILTER_ENUM_TYPE, OPTION_KEY_PREFIX, FILTER_AUTO_COMPLETE_DISABLE) VALUES
(-24103, -1227, N'description', N'vsc.safetyCheck.view.column.description', 0, 5, 0, 1, 1, 150, 1, 2, NULL, 0, NULL, NULL, NULL, NULL, NULL, NULL, 1, NULL, NULL, NULL);
INSERT INTO VOC_COLUMN(ID, VIEW_ID, FIELD, DISPLAY, SORTED, SORTTYPE, REQUIRED, DISPLAYABLE, SORT_ASC, WIDTH, VISIBLE, COLUMN_ORDER, DATA_TYPE_ID, OPERAND_TYPE, DISPLAY_FUNCTION, DISPLAY_PARAM, PAINTER_FUNCTION, TOOL_TIP_FUNCTION, EXTRA_FIELDS, EXTRA_FILTER_INFO, FILTERTYPE, FILTER_ENUM_TYPE, OPTION_KEY_PREFIX, FILTER_AUTO_COMPLETE_DISABLE) VALUES
(-24102, -1227, N'sequence', N'vsc.safetyCheck.view.column.sequence', 0, 5, 0, 1, 1, 150, 1, 1, NULL, 1, NULL, NULL, NULL, NULL, NULL, NULL, 2, NULL, NULL, NULL);
INSERT INTO VOC_COLUMN(ID, VIEW_ID, FIELD, DISPLAY, SORTED, SORTTYPE, REQUIRED, DISPLAYABLE, SORT_ASC, WIDTH, VISIBLE, COLUMN_ORDER, DATA_TYPE_ID, OPERAND_TYPE, DISPLAY_FUNCTION, DISPLAY_PARAM, PAINTER_FUNCTION, TOOL_TIP_FUNCTION, EXTRA_FIELDS, EXTRA_FILTER_INFO, FILTERTYPE, FILTER_ENUM_TYPE, OPTION_KEY_PREFIX, FILTER_AUTO_COMPLETE_DISABLE) VALUES
(-24101, -1227, N'id', NULL, 0, 0, 1, 0, 0, 0, 0, 100, NULL, NULL, NULL, NULL, NULL, NULL, NULL, NULL, 2, NULL, NULL, NULL);
INSERT INTO VOC_COLUMN(ID, VIEW_ID, FIELD, DISPLAY, SORTED, SORTTYPE, REQUIRED, DISPLAYABLE, SORT_ASC, WIDTH, VISIBLE, COLUMN_ORDER, DATA_TYPE_ID, OPERAND_TYPE, DISPLAY_FUNCTION, DISPLAY_PARAM, PAINTER_FUNCTION, TOOL_TIP_FUNCTION, EXTRA_FIELDS, EXTRA_FILTER_INFO, FILTERTYPE, FILTER_ENUM_TYPE, OPTION_KEY_PREFIX, FILTER_AUTO_COMPLETE_DISABLE) VALUES
(-24005, -1226, N'createdDate', N'vsc.vehicle.view.column.createdDate', 0, 5, 0, 2, 1, 150, 1, 4, NULL, 2, N'formatTimeWithTimeZone', NULL, NULL, NULL, NULL, NULL, 2, NULL, NULL, NULL);
INSERT INTO VOC_COLUMN(ID, VIEW_ID, FIELD, DISPLAY, SORTED, SORTTYPE, REQUIRED, DISPLAYABLE, SORT_ASC, WIDTH, VISIBLE, COLUMN_ORDER, DATA_TYPE_ID, OPERAND_TYPE, DISPLAY_FUNCTION, DISPLAY_PARAM, PAINTER_FUNCTION, TOOL_TIP_FUNCTION, EXTRA_FIELDS, EXTRA_FILTER_INFO, FILTERTYPE, FILTER_ENUM_TYPE, OPTION_KEY_PREFIX, FILTER_AUTO_COMPLETE_DISABLE) VALUES
(-24004, -1226, N'vehicleCategory', N'vsc.vehicle.view.column.vehicleCategory', 0, 5, 0, 1, 1, 150, 1, 3, NULL, 3, NULL, NULL, NULL, NULL, NULL, NULL, 1, NULL, NULL, NULL);
INSERT INTO VOC_COLUMN(ID, VIEW_ID, FIELD, DISPLAY, SORTED, SORTTYPE, REQUIRED, DISPLAYABLE, SORT_ASC, WIDTH, VISIBLE, COLUMN_ORDER, DATA_TYPE_ID, OPERAND_TYPE, DISPLAY_FUNCTION, DISPLAY_PARAM, PAINTER_FUNCTION, TOOL_TIP_FUNCTION, EXTRA_FIELDS, EXTRA_FILTER_INFO, FILTERTYPE, FILTER_ENUM_TYPE, OPTION_KEY_PREFIX, FILTER_AUTO_COMPLETE_DISABLE) VALUES
(-24003, -1226, N'spokenVehicleNumber', N'vsc.vehicle.view.column.spokenVehicleNumber', 1, 5, 0, 1, 1, 150, 1, 2, NULL, 0, NULL, NULL, NULL, NULL, NULL, NULL, 2, NULL, NULL, NULL);
INSERT INTO VOC_COLUMN(ID, VIEW_ID, FIELD, DISPLAY, SORTED, SORTTYPE, REQUIRED, DISPLAYABLE, SORT_ASC, WIDTH, VISIBLE, COLUMN_ORDER, DATA_TYPE_ID, OPERAND_TYPE, DISPLAY_FUNCTION, DISPLAY_PARAM, PAINTER_FUNCTION, TOOL_TIP_FUNCTION, EXTRA_FIELDS, EXTRA_FILTER_INFO, FILTERTYPE, FILTER_ENUM_TYPE, OPTION_KEY_PREFIX, FILTER_AUTO_COMPLETE_DISABLE) VALUES
(-24002, -1226, N'vehicleNumber', N'vsc.vehicle.view.column.vehicleNumber', 1, 5, 0, 1, 1, 150, 1, 1, NULL, 0, NULL, NULL, N'displayVehicleNumber', NULL, NULL, NULL, 2, NULL, NULL, NULL);
INSERT INTO VOC_COLUMN(ID, VIEW_ID, FIELD, DISPLAY, SORTED, SORTTYPE, REQUIRED, DISPLAYABLE, SORT_ASC, WIDTH, VISIBLE, COLUMN_ORDER, DATA_TYPE_ID, OPERAND_TYPE, DISPLAY_FUNCTION, DISPLAY_PARAM, PAINTER_FUNCTION, TOOL_TIP_FUNCTION, EXTRA_FIELDS, EXTRA_FILTER_INFO, FILTERTYPE, FILTER_ENUM_TYPE, OPTION_KEY_PREFIX, FILTER_AUTO_COMPLETE_DISABLE) VALUES
(-24001, -1226, N'id', NULL, 0, 0, 1, 0, 0, 0, 0, 100, NULL, NULL, NULL, NULL, NULL, NULL, NULL, NULL, 2, NULL, NULL, NULL);
INSERT INTO VOC_COLUMN(ID, VIEW_ID, FIELD, DISPLAY, SORTED, SORTTYPE, REQUIRED, DISPLAYABLE, SORT_ASC, WIDTH, VISIBLE, COLUMN_ORDER, DATA_TYPE_ID, OPERAND_TYPE, DISPLAY_FUNCTION, DISPLAY_PARAM, PAINTER_FUNCTION, TOOL_TIP_FUNCTION, EXTRA_FIELDS, EXTRA_FILTER_INFO, FILTERTYPE, FILTER_ENUM_TYPE, OPTION_KEY_PREFIX, FILTER_AUTO_COMPLETE_DISABLE) VALUES
(-23906, -1225, N'safetyCheckCount', N'vsc.vehicleType.view.column.safetyChecks', 0, 5, 0, 1, 1, 150, 1, 5, NULL, 1, NULL, NULL, NULL, NULL, NULL, NULL, 2, NULL, NULL, 1);
INSERT INTO VOC_COLUMN(ID, VIEW_ID, FIELD, DISPLAY, SORTED, SORTTYPE, REQUIRED, DISPLAYABLE, SORT_ASC, WIDTH, VISIBLE, COLUMN_ORDER, DATA_TYPE_ID, OPERAND_TYPE, DISPLAY_FUNCTION, DISPLAY_PARAM, PAINTER_FUNCTION, TOOL_TIP_FUNCTION, EXTRA_FIELDS, EXTRA_FILTER_INFO, FILTERTYPE, FILTER_ENUM_TYPE, OPTION_KEY_PREFIX, FILTER_AUTO_COMPLETE_DISABLE) VALUES
(-23905, -1225, N'vehicleCount', N'vsc.vehicleType.view.column.vehicles', 0, 5, 0, 1, 1, 150, 1, 4, NULL, 1, NULL, NULL, NULL, NULL, NULL, NULL, 2, NULL, NULL, 1);
INSERT INTO VOC_COLUMN(ID, VIEW_ID, FIELD, DISPLAY, SORTED, SORTTYPE, REQUIRED, DISPLAYABLE, SORT_ASC, WIDTH, VISIBLE, COLUMN_ORDER, DATA_TYPE_ID, OPERAND_TYPE, DISPLAY_FUNCTION, DISPLAY_PARAM, PAINTER_FUNCTION, TOOL_TIP_FUNCTION, EXTRA_FIELDS, EXTRA_FILTER_INFO, FILTERTYPE, FILTER_ENUM_TYPE, OPTION_KEY_PREFIX, FILTER_AUTO_COMPLETE_DISABLE) VALUES
(-23904, -1225, N'isCaptureVehicleID', N'vsc.vehicleType.view.column.captureVehicleID', 0, 5, 0, 2, 1, 150, 1, 3, NULL, 4, NULL, NULL, N'displayCaptureVehicleId', NULL, NULL, NULL, 1, NULL, NULL, NULL);
INSERT INTO VOC_COLUMN(ID, VIEW_ID, FIELD, DISPLAY, SORTED, SORTTYPE, REQUIRED, DISPLAYABLE, SORT_ASC, WIDTH, VISIBLE, COLUMN_ORDER, DATA_TYPE_ID, OPERAND_TYPE, DISPLAY_FUNCTION, DISPLAY_PARAM, PAINTER_FUNCTION, TOOL_TIP_FUNCTION, EXTRA_FIELDS, EXTRA_FILTER_INFO, FILTERTYPE, FILTER_ENUM_TYPE, OPTION_KEY_PREFIX, FILTER_AUTO_COMPLETE_DISABLE) VALUES
(-23903, -1225, N'description', N'vsc.vehicleType.view.column.description', 0, 5, 0, 1, 1, 150, 1, 2, NULL, 0, NULL, NULL, NULL, NULL, NULL, NULL, 1, NULL, NULL, NULL);
INSERT INTO VOC_COLUMN(ID, VIEW_ID, FIELD, DISPLAY, SORTED, SORTTYPE, REQUIRED, DISPLAYABLE, SORT_ASC, WIDTH, VISIBLE, COLUMN_ORDER, DATA_TYPE_ID, OPERAND_TYPE, DISPLAY_FUNCTION, DISPLAY_PARAM, PAINTER_FUNCTION, TOOL_TIP_FUNCTION, EXTRA_FIELDS, EXTRA_FILTER_INFO, FILTERTYPE, FILTER_ENUM_TYPE, OPTION_KEY_PREFIX, FILTER_AUTO_COMPLETE_DISABLE) VALUES
(-23902, -1225, N'number', N'vsc.vehicleType.view.column.number', 1, 5, 0, 1, 1, 150, 1, 1, NULL, 1, NULL, NULL, N'displayVehicleTypeNumber', NULL, NULL, NULL, 2, NULL, NULL, NULL);
INSERT INTO VOC_COLUMN(ID, VIEW_ID, FIELD, DISPLAY, SORTED, SORTTYPE, REQUIRED, DISPLAYABLE, SORT_ASC, WIDTH, VISIBLE, COLUMN_ORDER, DATA_TYPE_ID, OPERAND_TYPE, DISPLAY_FUNCTION, DISPLAY_PARAM, PAINTER_FUNCTION, TOOL_TIP_FUNCTION, EXTRA_FIELDS, EXTRA_FILTER_INFO, FILTERTYPE, FILTER_ENUM_TYPE, OPTION_KEY_PREFIX, FILTER_AUTO_COMPLETE_DISABLE) VALUES
(-23901, -1225, N'id', NULL, 0, 0, 1, 0, 0, 0, 0, 100, NULL, NULL, NULL, NULL, NULL, NULL, NULL, NULL, 2, NULL, NULL, NULL);
INSERT INTO VOC_COLUMN(ID, VIEW_ID, FIELD, DISPLAY, SORTED, SORTTYPE, REQUIRED, DISPLAYABLE, SORT_ASC, WIDTH, VISIBLE, COLUMN_ORDER, DATA_TYPE_ID, OPERAND_TYPE, DISPLAY_FUNCTION, DISPLAY_PARAM, PAINTER_FUNCTION, TOOL_TIP_FUNCTION, EXTRA_FIELDS, EXTRA_FILTER_INFO, FILTERTYPE, FILTER_ENUM_TYPE, OPTION_KEY_PREFIX, FILTER_AUTO_COMPLETE_DISABLE) VALUES
(-23810, -1224, N'internalGroupId', N'vsc.response.view.column.groupId', 1, 1, 0, 1, 0, 100, 1, 1, NULL, 1, NULL, NULL, NULL, NULL, NULL, NULL, 2, NULL, NULL, NULL);
INSERT INTO VOC_COLUMN(ID, VIEW_ID, FIELD, DISPLAY, SORTED, SORTTYPE, REQUIRED, DISPLAYABLE, SORT_ASC, WIDTH, VISIBLE, COLUMN_ORDER, DATA_TYPE_ID, OPERAND_TYPE, DISPLAY_FUNCTION, DISPLAY_PARAM, PAINTER_FUNCTION, TOOL_TIP_FUNCTION, EXTRA_FIELDS, EXTRA_FILTER_INFO, FILTERTYPE, FILTER_ENUM_TYPE, OPTION_KEY_PREFIX, FILTER_AUTO_COMPLETE_DISABLE) VALUES
(-23809, -1224, N'id', NULL, 0, 0, 1, 0, 0, 0, 0, 100, NULL, NULL, NULL, NULL, NULL, NULL, NULL, NULL, 2, NULL, NULL, NULL);
INSERT INTO VOC_COLUMN(ID, VIEW_ID, FIELD, DISPLAY, SORTED, SORTTYPE, REQUIRED, DISPLAYABLE, SORT_ASC, WIDTH, VISIBLE, COLUMN_ORDER, DATA_TYPE_ID, OPERAND_TYPE, DISPLAY_FUNCTION, DISPLAY_PARAM, PAINTER_FUNCTION, TOOL_TIP_FUNCTION, EXTRA_FIELDS, EXTRA_FILTER_INFO, FILTERTYPE, FILTER_ENUM_TYPE, OPTION_KEY_PREFIX, FILTER_AUTO_COMPLETE_DISABLE) VALUES
(-23807, -1224, N'note', N'vsc.response.view.column.note', 0, 5, 0, 1, 1, 90, 1, 8, NULL, 0, NULL, NULL, NULL, NULL, NULL, NULL, 2, NULL, NULL, 1);
INSERT INTO VOC_COLUMN(ID, VIEW_ID, FIELD, DISPLAY, SORTED, SORTTYPE, REQUIRED, DISPLAYABLE, SORT_ASC, WIDTH, VISIBLE, COLUMN_ORDER, DATA_TYPE_ID, OPERAND_TYPE, DISPLAY_FUNCTION, DISPLAY_PARAM, PAINTER_FUNCTION, TOOL_TIP_FUNCTION, EXTRA_FIELDS, EXTRA_FILTER_INFO, FILTERTYPE, FILTER_ENUM_TYPE, OPTION_KEY_PREFIX, FILTER_AUTO_COMPLETE_DISABLE) VALUES
(-23806, -1224, N'operator.common.operatorIdentifier', N'common.view.column.operator', 0, 7, 0, 1, 1, 100, 1, 7, NULL, 0, NULL, NULL, NULL, NULL, NULL, NULL, 1, NULL, NULL, NULL);
INSERT INTO VOC_COLUMN(ID, VIEW_ID, FIELD, DISPLAY, SORTED, SORTTYPE, REQUIRED, DISPLAYABLE, SORT_ASC, WIDTH, VISIBLE, COLUMN_ORDER, DATA_TYPE_ID, OPERAND_TYPE, DISPLAY_FUNCTION, DISPLAY_PARAM, PAINTER_FUNCTION, TOOL_TIP_FUNCTION, EXTRA_FIELDS, EXTRA_FILTER_INFO, FILTERTYPE, FILTER_ENUM_TYPE, OPTION_KEY_PREFIX, FILTER_AUTO_COMPLETE_DISABLE) VALUES
(-23805, -1224, N'repairAction', N'vsc.response.view.column.repairAction', 0, 5, 0, 1, 1, 90, 1, 6, NULL, 3, NULL, NULL, NULL, NULL, NULL, NULL, 2, NULL, NULL, NULL);
INSERT INTO VOC_COLUMN(ID, VIEW_ID, FIELD, DISPLAY, SORTED, SORTTYPE, REQUIRED, DISPLAYABLE, SORT_ASC, WIDTH, VISIBLE, COLUMN_ORDER, DATA_TYPE_ID, OPERAND_TYPE, DISPLAY_FUNCTION, DISPLAY_PARAM, PAINTER_FUNCTION, TOOL_TIP_FUNCTION, EXTRA_FIELDS, EXTRA_FILTER_INFO, FILTERTYPE, FILTER_ENUM_TYPE, OPTION_KEY_PREFIX, FILTER_AUTO_COMPLETE_DISABLE) VALUES
(-23804, -1224, N'checkResponse', N'vsc.response.view.column.checkResponse', 0, 5, 0, 1, 1, 110, 1, 5, NULL, 0, NULL, NULL, N'displayCheckResponse', NULL, NULL, NULL, 2, NULL, NULL, NULL);
INSERT INTO VOC_COLUMN(ID, VIEW_ID, FIELD, DISPLAY, SORTED, SORTTYPE, REQUIRED, DISPLAYABLE, SORT_ASC, WIDTH, VISIBLE, COLUMN_ORDER, DATA_TYPE_ID, OPERAND_TYPE, DISPLAY_FUNCTION, DISPLAY_PARAM, PAINTER_FUNCTION, TOOL_TIP_FUNCTION, EXTRA_FIELDS, EXTRA_FILTER_INFO, FILTERTYPE, FILTER_ENUM_TYPE, OPTION_KEY_PREFIX, FILTER_AUTO_COMPLETE_DISABLE) VALUES
(-23803, -1224, N'safetyCheck.description', N'vsc.response.view.column.safetyCheck', 0, 5, 0, 1, 1, 90, 1, 4, NULL, 0, NULL, NULL, NULL, NULL, NULL, NULL, 2, NULL, NULL, NULL);
INSERT INTO VOC_COLUMN(ID, VIEW_ID, FIELD, DISPLAY, SORTED, SORTTYPE, REQUIRED, DISPLAYABLE, SORT_ASC, WIDTH, VISIBLE, COLUMN_ORDER, DATA_TYPE_ID, OPERAND_TYPE, DISPLAY_FUNCTION, DISPLAY_PARAM, PAINTER_FUNCTION, TOOL_TIP_FUNCTION, EXTRA_FIELDS, EXTRA_FILTER_INFO, FILTERTYPE, FILTER_ENUM_TYPE, OPTION_KEY_PREFIX, FILTER_AUTO_COMPLETE_DISABLE) VALUES
(-23802, -1224, N'vehicle.vehicleType.description', N'vsc.response.view.column.vehicleType', 0, 5, 0, 1, 1, 90, 1, 3, NULL, 0, NULL, NULL, NULL, NULL, NULL, NULL, 2, NULL, NULL, NULL);
INSERT INTO VOC_COLUMN(ID, VIEW_ID, FIELD, DISPLAY, SORTED, SORTTYPE, REQUIRED, DISPLAYABLE, SORT_ASC, WIDTH, VISIBLE, COLUMN_ORDER, DATA_TYPE_ID, OPERAND_TYPE, DISPLAY_FUNCTION, DISPLAY_PARAM, PAINTER_FUNCTION, TOOL_TIP_FUNCTION, EXTRA_FIELDS, EXTRA_FILTER_INFO, FILTERTYPE, FILTER_ENUM_TYPE, OPTION_KEY_PREFIX, FILTER_AUTO_COMPLETE_DISABLE) VALUES
(-23801, -1224, N'vehicle.vehicleNumber', N'vsc.vehicle.view.column.vehicleNumber', 0, 1, 0, 1, 1, 150, 1, 2, NULL, 0, NULL, NULL, NULL, NULL, NULL, NULL, 2, NULL, NULL, NULL);
INSERT INTO VOC_COLUMN(ID, VIEW_ID, FIELD, DISPLAY, SORTED, SORTTYPE, REQUIRED, DISPLAYABLE, SORT_ASC, WIDTH, VISIBLE, COLUMN_ORDER, DATA_TYPE_ID, OPERAND_TYPE, DISPLAY_FUNCTION, DISPLAY_PARAM, PAINTER_FUNCTION, TOOL_TIP_FUNCTION, EXTRA_FIELDS, EXTRA_FILTER_INFO, FILTERTYPE, FILTER_ENUM_TYPE, OPTION_KEY_PREFIX, FILTER_AUTO_COMPLETE_DISABLE) VALUES
(-22808, -1224, N'createdDate', N'vsc.response.view.column.checkDate', 1, 1, 0, 1, 0, 100, 1, 9, NULL, 2, N'formatTimeWithTimeZone', NULL, NULL, NULL, NULL, NULL, 1, NULL, NULL, NULL);
INSERT INTO VOC_COLUMN(ID, VIEW_ID, FIELD, DISPLAY, SORTED, SORTTYPE, REQUIRED, DISPLAYABLE, SORT_ASC, WIDTH, VISIBLE, COLUMN_ORDER, DATA_TYPE_ID, OPERAND_TYPE, DISPLAY_FUNCTION, DISPLAY_PARAM, PAINTER_FUNCTION, TOOL_TIP_FUNCTION, EXTRA_FIELDS, EXTRA_FILTER_INFO, FILTERTYPE, FILTER_ENUM_TYPE, OPTION_KEY_PREFIX, FILTER_AUTO_COMPLETE_DISABLE) VALUES
(-806, -9, N'createdDate', N'externaljob.view.column.creationDate', 0, 5, 0, 1, 1, 150, 1, 5, NULL, 2, N'formatTimeWithTimeZone', NULL, NULL, NULL, NULL, NULL, 1, NULL, NULL, NULL);
INSERT INTO VOC_COLUMN(ID, VIEW_ID, FIELD, DISPLAY, SORTED, SORTTYPE, REQUIRED, DISPLAYABLE, SORT_ASC, WIDTH, VISIBLE, COLUMN_ORDER, DATA_TYPE_ID, OPERAND_TYPE, DISPLAY_FUNCTION, DISPLAY_PARAM, PAINTER_FUNCTION, TOOL_TIP_FUNCTION, EXTRA_FIELDS, EXTRA_FILTER_INFO, FILTERTYPE, FILTER_ENUM_TYPE, OPTION_KEY_PREFIX, FILTER_AUTO_COMPLETE_DISABLE) VALUES
(-805, -9, N'workingDirectory', N'externaljob.view.column.workingDirectory', 0, 5, 0, 1, 1, 150, 1, 4, NULL, 0, NULL, NULL, NULL, NULL, NULL, NULL, 1, NULL, NULL, NULL);
INSERT INTO VOC_COLUMN(ID, VIEW_ID, FIELD, DISPLAY, SORTED, SORTTYPE, REQUIRED, DISPLAYABLE, SORT_ASC, WIDTH, VISIBLE, COLUMN_ORDER, DATA_TYPE_ID, OPERAND_TYPE, DISPLAY_FUNCTION, DISPLAY_PARAM, PAINTER_FUNCTION, TOOL_TIP_FUNCTION, EXTRA_FIELDS, EXTRA_FILTER_INFO, FILTERTYPE, FILTER_ENUM_TYPE, OPTION_KEY_PREFIX, FILTER_AUTO_COMPLETE_DISABLE) VALUES
(-804, -9, N'command', N'externaljob.view.column.command', 0, 5, 0, 1, 1, 150, 1, 3, NULL, 0, NULL, NULL, NULL, NULL, NULL, NULL, 1, NULL, NULL, NULL);
INSERT INTO VOC_COLUMN(ID, VIEW_ID, FIELD, DISPLAY, SORTED, SORTTYPE, REQUIRED, DISPLAYABLE, SORT_ASC, WIDTH, VISIBLE, COLUMN_ORDER, DATA_TYPE_ID, OPERAND_TYPE, DISPLAY_FUNCTION, DISPLAY_PARAM, PAINTER_FUNCTION, TOOL_TIP_FUNCTION, EXTRA_FIELDS, EXTRA_FILTER_INFO, FILTERTYPE, FILTER_ENUM_TYPE, OPTION_KEY_PREFIX, FILTER_AUTO_COMPLETE_DISABLE) VALUES
(-803, -9, N'jobType', N'externaljob.view.column.type', 0, 5, 0, 1, 1, 150, 1, 2, NULL, 3, NULL, NULL, NULL, NULL, NULL, NULL, 1, NULL, NULL, NULL);
INSERT INTO VOC_COLUMN(ID, VIEW_ID, FIELD, DISPLAY, SORTED, SORTTYPE, REQUIRED, DISPLAYABLE, SORT_ASC, WIDTH, VISIBLE, COLUMN_ORDER, DATA_TYPE_ID, OPERAND_TYPE, DISPLAY_FUNCTION, DISPLAY_PARAM, PAINTER_FUNCTION, TOOL_TIP_FUNCTION, EXTRA_FIELDS, EXTRA_FILTER_INFO, FILTERTYPE, FILTER_ENUM_TYPE, OPTION_KEY_PREFIX, FILTER_AUTO_COMPLETE_DISABLE) VALUES
(-802, -9, N'name', N'externaljob.view.column.name', 1, 5, 0, 1, 1, 150, 1, 1, NULL, 0, NULL, NULL, N'displayExternalJob', NULL, NULL, NULL, 1, NULL, NULL, NULL);
INSERT INTO VOC_COLUMN(ID, VIEW_ID, FIELD, DISPLAY, SORTED, SORTTYPE, REQUIRED, DISPLAYABLE, SORT_ASC, WIDTH, VISIBLE, COLUMN_ORDER, DATA_TYPE_ID, OPERAND_TYPE, DISPLAY_FUNCTION, DISPLAY_PARAM, PAINTER_FUNCTION, TOOL_TIP_FUNCTION, EXTRA_FIELDS, EXTRA_FILTER_INFO, FILTERTYPE, FILTER_ENUM_TYPE, OPTION_KEY_PREFIX, FILTER_AUTO_COMPLETE_DISABLE) VALUES
(-801, -9, N'id', NULL, 0, 0, 1, 0, 0, 0, 0, 100, NULL, NULL, NULL, NULL, NULL, NULL, NULL, NULL, 2, NULL, NULL, NULL);

--
-- Inserting data into table VOC_FEATURE
--
INSERT INTO VOC_FEATURE(ID, NAME, DESCRIPTION, READ_ONLY, GROUP_ID) VALUES
(-1514, N'feature.voicelink.vsc.safetyCheck.edit', NULL, 0, -1005);
INSERT INTO VOC_FEATURE(ID, NAME, DESCRIPTION, READ_ONLY, GROUP_ID) VALUES
(-1513, N'feature.voicelink.vsc.safetyCheck.create', NULL, 0, -1005);
INSERT INTO VOC_FEATURE(ID, NAME, DESCRIPTION, READ_ONLY, GROUP_ID) VALUES
(-1512, N'feature.voicelink.vsc.safetyCheck.delete', NULL, 0, -1005);
INSERT INTO VOC_FEATURE(ID, NAME, DESCRIPTION, READ_ONLY, GROUP_ID) VALUES
(-1511, N'feature.voicelink.vsc.checkResponse.editNotes', NULL, 0, -1005);
INSERT INTO VOC_FEATURE(ID, NAME, DESCRIPTION, READ_ONLY, GROUP_ID) VALUES
(-1510, N'feature.voicelink.vsc.safetyCheck.view', NULL, 0, -1005);
INSERT INTO VOC_FEATURE(ID, NAME, DESCRIPTION, READ_ONLY, GROUP_ID) VALUES
(-1509, N'feature.voicelink.vsc.vehicle.edit', NULL, 0, -1005);
INSERT INTO VOC_FEATURE(ID, NAME, DESCRIPTION, READ_ONLY, GROUP_ID) VALUES
(-1508, N'feature.voicelink.vsc.vehicleType.edit', NULL, 0, -1005);
INSERT INTO VOC_FEATURE(ID, NAME, DESCRIPTION, READ_ONLY, GROUP_ID) VALUES
(-1507, N'feature.voicelink.vsc.vehicle.delete', NULL, 0, -1005);
INSERT INTO VOC_FEATURE(ID, NAME, DESCRIPTION, READ_ONLY, GROUP_ID) VALUES
(-1506, N'feature.voicelink.vsc.vehicle.view', NULL, 0, -1005);
INSERT INTO VOC_FEATURE(ID, NAME, DESCRIPTION, READ_ONLY, GROUP_ID) VALUES
(-1505, N'feature.voicelink.vsc.vehicle.create', NULL, 0, -1005);
INSERT INTO VOC_FEATURE(ID, NAME, DESCRIPTION, READ_ONLY, GROUP_ID) VALUES
(-1504, N'feature.voicelink.vsc.vehicleType.view', NULL, 1, -1005);
INSERT INTO VOC_FEATURE(ID, NAME, DESCRIPTION, READ_ONLY, GROUP_ID) VALUES
(-1503, N'feature.voicelink.vsc.vehicleType.delete', NULL, 0, -1005);
INSERT INTO VOC_FEATURE(ID, NAME, DESCRIPTION, READ_ONLY, GROUP_ID) VALUES
(-1502, N'feature.voicelink.vsc.vehicleType.create', NULL, 0, -1005);
INSERT INTO VOC_FEATURE(ID, NAME, DESCRIPTION, READ_ONLY, GROUP_ID) VALUES
(-1501, N'feature.voicelink.vsc.vehicleAndType.view', NULL, 1, -1005);
INSERT INTO VOC_FEATURE(ID, NAME, DESCRIPTION, READ_ONLY, GROUP_ID) VALUES
(-1500, N'feature.voicelink.vsc.view', NULL, 1, -1005);
INSERT INTO VOC_FEATURE(ID, NAME, DESCRIPTION, READ_ONLY, GROUP_ID) VALUES
(-29, N'feature.appAdmin.externalJob.delete', NULL, 0, -2);
INSERT INTO VOC_FEATURE(ID, NAME, DESCRIPTION, READ_ONLY, GROUP_ID) VALUES
(-28, N'feature.appAdmin.externalJob.create', NULL, 0, -2);
INSERT INTO VOC_FEATURE(ID, NAME, DESCRIPTION, READ_ONLY, GROUP_ID) VALUES
(-27, N'feature.appAdmin.externalJob.edit', NULL, 0, -2);
INSERT INTO VOC_FEATURE(ID, NAME, DESCRIPTION, READ_ONLY, GROUP_ID) VALUES
(-26, N'feature.appAdmin.externalJob.view', NULL, 1, -2);

--
-- Inserting data into table VOC_REPORTTYPE
--
INSERT INTO VOC_REPORTTYPE(ID, REPORTTYPE_NAME, REPORTTYPE_NAME_KEY, REPORTTYPE_DESCRIPTION, APP_NAME, SESSION_BEAN_ID) VALUES
(-1600, N'VehicleSafetyChecks', N'report.name.vsc', N'Vehicle Safety Checks Report', N'voicelink.core', N'vscReport');

--
-- Inserting data into table VOC_REPORTTYPE_PARAMETER
--
INSERT INTO VOC_REPORTTYPE_PARAMETER(ID, REPORTTYPE_ID, PARAMETER_NAME, DEFAULT_VALUE, VALIDATION_FUNCTION, DESCRIPTION, FIELD_TYPE, SERVICE_NAME, SERVICE_METHOD, DISPLAY_MEMBER, DATA_MEMBER, PROMPT_ORDER, IS_REQUIRED, MAXLENGTH) VALUES
(-1604, -1600, N'VEHICLE', NULL, N'defCheck', N'vsc.report.vehicle', 0, NULL, NULL, N'vehicleNumber', NULL, 2, 0, NULL);
INSERT INTO VOC_REPORTTYPE_PARAMETER(ID, REPORTTYPE_ID, PARAMETER_NAME, DEFAULT_VALUE, VALIDATION_FUNCTION, DESCRIPTION, FIELD_TYPE, SERVICE_NAME, SERVICE_METHOD, DISPLAY_MEMBER, DATA_MEMBER, PROMPT_ORDER, IS_REQUIRED, MAXLENGTH) VALUES
(-1603, -1600, N'VEHICLE_TYPE', N'vehicleTypes', NULL, N'vsc.report.vehicletype', 1, N'vehicleTypeManager', N'all', N'description', N'number', 1, 0, NULL);
INSERT INTO VOC_REPORTTYPE_PARAMETER(ID, REPORTTYPE_ID, PARAMETER_NAME, DEFAULT_VALUE, VALIDATION_FUNCTION, DESCRIPTION, FIELD_TYPE, SERVICE_NAME, SERVICE_METHOD, DISPLAY_MEMBER, DATA_MEMBER, PROMPT_ORDER, IS_REQUIRED, MAXLENGTH) VALUES
(-1602, -1600, N'OPERATOR_TEAM_ID', N'operatorTeams', NULL, N'vsc.report.operatorteam', 3, N'operatorTeamManager', N'all', N'name', N'id', 4, 0, NULL);
INSERT INTO VOC_REPORTTYPE_PARAMETER(ID, REPORTTYPE_ID, PARAMETER_NAME, DEFAULT_VALUE, VALIDATION_FUNCTION, DESCRIPTION, FIELD_TYPE, SERVICE_NAME, SERVICE_METHOD, DISPLAY_MEMBER, DATA_MEMBER, PROMPT_ORDER, IS_REQUIRED, MAXLENGTH) VALUES
(-1601, -1600, N'OPERATOR_ID', N'operators', NULL, N'vsc.report.operator', 3, N'operatorManager', N'all', N'reportOperatorIdentifier', N'operatorIdentifier', 3, 0, NULL);

--
-- Inserting data into table VOC_ROLE_TO_FEATURE
--
INSERT INTO VOC_ROLE_TO_FEATURE(ROLE_ID, FEATURE_ID) VALUES (-3, -1510);
INSERT INTO VOC_ROLE_TO_FEATURE(ROLE_ID, FEATURE_ID) VALUES (-3, -1506);
INSERT INTO VOC_ROLE_TO_FEATURE(ROLE_ID, FEATURE_ID) VALUES (-3, -1504);
INSERT INTO VOC_ROLE_TO_FEATURE(ROLE_ID, FEATURE_ID) VALUES (-3, -1501);
INSERT INTO VOC_ROLE_TO_FEATURE(ROLE_ID, FEATURE_ID) VALUES (-3, -1500);
INSERT INTO VOC_ROLE_TO_FEATURE(ROLE_ID, FEATURE_ID) VALUES (-3, -26);

--
-- Inserting data into table VOC_VIEW
--
INSERT INTO VOC_VIEW(ID, NAME, CLASS_NAME, DATABEANNAME, DATAMETHODNAME) VALUES
(-1227, N'vscSafetyCheck', N'com.vocollect.voicelink.core.model.VehicleSafetyCheck', NULL, NULL);
INSERT INTO VOC_VIEW(ID, NAME, CLASS_NAME, DATABEANNAME, DATAMETHODNAME) VALUES
(-1226, N'vscVehicle', N'com.vocollect.voicelink.core.model.Vehicle', NULL, NULL);
INSERT INTO VOC_VIEW(ID, NAME, CLASS_NAME, DATABEANNAME, DATAMETHODNAME) VALUES
(-1225, N'vscVehicleType', N'com.vocollect.voicelink.core.model.VehicleType', NULL, NULL);
INSERT INTO VOC_VIEW(ID, NAME, CLASS_NAME, DATABEANNAME, DATAMETHODNAME) VALUES
(-1224, N'vscResponse', N'com.vocollect.voicelink.core.model.VehicleSafetyCheckResponse', NULL, NULL);
INSERT INTO VOC_VIEW(ID, NAME, CLASS_NAME, DATABEANNAME, DATAMETHODNAME) VALUES
(-9, N'externalJob', N'com.vocollect.epp.model.ExternalJob', NULL, NULL);

--
-- Enable constraints for VOC_COLUMN
--
ALTER TABLE VOC_COLUMN ENABLE CONSTRAINT FK6049706B16D0F6D2;
ALTER TABLE VOC_COLUMN ENABLE CONSTRAINT FK6049706B971DA1E7;

--
-- Enable constraints for VOC_FEATURE
--
ALTER TABLE VOC_FEATURE ENABLE CONSTRAINT FK35EB80819FA773C;

--
-- Enable constraints for VOC_REPORTTYPE_PARAMETER
--
ALTER TABLE VOC_REPORTTYPE_PARAMETER ENABLE CONSTRAINT FK853F878D58A22052;

--
-- Enable constraints for VOC_ROLE_TO_FEATURE
--
ALTER TABLE VOC_ROLE_TO_FEATURE ENABLE CONSTRAINT FK17DCDF26241ED7C2;
ALTER TABLE VOC_ROLE_TO_FEATURE ENABLE CONSTRAINT FK17DCDF264DCDD932;


-- Update module versions
-- To update the version, change the SET @vlVersion... line below
-- This needs to be done every time there is a new application added to VoiceLink
-- This needs to be the LAST thing that happens in this script.
DECLARE 
vlVersion VARCHAR2(32);
vipVersion VARCHAR2(32);
newId NUMBER(19,0);
oldId NUMBER(19,0);
BEGIN 
vlVersion := '4.2';
vipVersion := '2.1';

SELECT moduleId INTO oldId FROM voc_plugin_modules WHERE name = 'plugin.module.voicelink' AND isEnabled = 1;
UPDATE voc_plugin_modules SET isEnabled = 0 WHERE name = 'plugin.module.voicelink';

INSERT INTO voc_plugin_modules (moduleId, name, moduleVersion, frameworkVersion, sequenceNumber, uri, navMenuName, isEnabled, createdDate) 
VALUES (oldId + 1, 'plugin.module.voicelink', vlVersion, vipVersion, 101, '/selection/home.action', 'voicelink', 1, SYSDATE);
SELECT moduleId INTO newId FROM voc_plugin_modules WHERE name = 'plugin.module.voicelink' AND isEnabled = 1;

UPDATE voc_plugin_components set moduleId = newId where moduleId = oldId;
UPDATE voc_plugin_modules_auth set moduleId = newId where moduleId = oldId;
UPDATE voc_plugin_modules SET moduleVersion = vipVersion WHERE moduleId = 1;
UPDATE voc_plugin_modules SET frameworkVersion = vipVersion WHERE moduleId = 1;
UPDATE voc_plugin_modules SET moduleVersion = vipVersion WHERE moduleId = 2;
UPDATE voc_plugin_modules SET frameworkVersion = vipVersion WHERE moduleId = 2;

END;